Stock_Index,Stock_Name,Weeks_Listed,First_Listed,Last_Listed
2783,"House of Fabrics, Inc.",0,,
2754,Homefed Corp,0,,
2990,International Lease Finance Corporation,0,,
4472,"Philips Industries, Inc.",0,,
499,Aristech Chemical Corporation,0,,
2741,Holiday Corporation,0,,
3262,"L.A. Gear, Inc.",0,,
3239,Koger Properties Inc.,0,,
2028,Esselte Business Systems Inc.,0,,
500,Arkla Exploration Co.,0,,
946,C&S Sovran Corporation,0,,
4511,Pittway Corporation,0,,
4173,Ocean Drilling & Exploration Company,0,,
4117,Norton Company,0,,
2601,Hamilton Oil Corporation,0,,
2602,Hancock Fabrics Inc,0,,
3594,MCA Inc.,0,,
2538,Great Northern Nekoosa Corporation,0,,
6080,Vista Chemical Company,0,,
3515,Manufacturers Hanover Corporation,0,,
6287,"Worldwide Restaurant Concepts, Inc.",0,,
5575,"Telecredit, Inc.",0,,
5542,"TCBY Enterprises, Inc.",0,,
3732,MGM/UA Communications Company,0,,
2221,FirstCity Financial Corp.,0,,
3963,NCR Corporation,0,,
2316,Freeport-McMoRan Gold Co.,0,,
1740,"Diversified Energies, Inc.",0,,
1151,Cetus Corporation,0,,
2400,General Instrument Corporation,0,,
5888,United Artists Entertainment Company,0,,
5890,"United Banks of Colorado, Inc.",0,,
5044,Sea Containers Ltd.,0,,
2209,First Pennsylvania Corporation,0,,
1452,Contel Corporation,0,,
5244,Southeast Bkg Corp Com,0,,
5572,"Telcom, USA, Inc.",0,,
5257,Sovran Financial Corporation,0,,
1499,Corroon & Black Corporation,0,,
1462,Contour Energy Co.,0,,
5239,South Carolina National Corporation,0,,
2301,Foxboro Company,0,,
7255,"Porch Group, Inc.",0,,
5113,"Shearson Lehman Hutton Holdings, Inc.",0,,
5307,Square D Company,0,,
6946,"Unity Biotechnology, Inc.",1,2020-08-14,2020-08-14
6631,Minerva Neurosciences Inc,1,2020-05-22,2020-05-22
2641,Hawthorne Financial Corp.,1,2004-04-02,2004-04-02
647,"Axys Pharmaceuticals, Inc.",1,2000-03-03,2000-03-03
6921,"Kaleido Biosciences, Inc.",1,2019-05-24,2019-05-24
3372,"Life Partners Holdings, Inc.",1,2009-01-02,2009-01-02
692,"Bar Harbor Bankshares, Inc.",1,2017-03-31,2017-03-31
2628,Harris Interactive Inc.,1,2004-01-16,2004-01-16
2051,"Evoq Properties, Inc.",1,2007-10-05,2007-10-05
7195,"Rush Street Interactive, Inc. Class A",1,2020-12-25,2020-12-25
7003,"i3 Verticals, Inc. Class A",1,2020-02-07,2020-02-07
3349,"Liberty Bancorp, Inc.",1,1997-03-07,1997-03-07
7130,Brainstorm Cell Therapeutics Inc.,1,2020-10-09,2020-10-09
7123,XL Fleet Corp. Class A,1,2020-12-25,2020-12-25
7258,Gores Holdings IV Inc Class A,1,2020-12-25,2020-12-25
7117,"Fulcrum Therapeutics, Inc.",1,2020-06-26,2020-06-26
4288,Osteotech,1,1999-02-05,1999-02-05
3081,ITUS Corporation,1,1996-06-14,1996-06-14
4291,Outboard Marine Corporation,1,1994-02-18,1994-02-18
5821,"Twin Disc, incorporated",1,2011-11-18,2011-11-18
4651,Proxim Corporation Class A,1,2002-03-29,2002-03-29
3755,"Mid-American Waste Systems, Inc.",1,1992-02-28,1992-02-28
1103,CECO Environmental Corp.,1,2013-10-18,2013-10-18
3939,"National Vision, Inc.",1,1993-01-01,1993-01-01
5737,TravelCenters of America Inc.,1,2020-12-25,2020-12-25
2478,Global Natural Resources Inc.,1,1996-09-27,1996-09-27
5825,"Tyco Toys, Inc.",1,1992-09-04,1992-09-04
3766,Midwest Air Group Inc.,1,1998-07-10,1998-07-10
2309,Franklin Bank Corp.,1,2006-10-13,2006-10-13
5667,"Tillys, Inc. Class A",1,2012-09-28,2012-09-28
1378,CommNet Cellular Inc.,1,1999-06-25,1999-06-25
4835,"Resource Bancshares Mortgage Group, Inc.",1,1998-07-17,1998-07-17
1729,"Discount Auto Parts, Inc.",1,1996-02-02,1996-02-02
5390,"Straight Path Communications, Inc. Class B",1,2015-10-23,2015-10-23
5079,Semitool,1,2000-07-14,2000-07-14
1444,"CTO Realty Growth, Inc.",1,2005-07-29,2005-07-29
2267,"Foothill Group, Inc.",1,1995-10-06,1995-10-06
7186,IMARA Inc.,1,2020-11-27,2020-11-27
290,"American Apparel, Inc.",1,2008-10-03,2008-10-03
7259,BeyondSpring Inc.,1,2020-11-13,2020-11-13
7189,CuriosityStream Inc Class A,1,2020-12-25,2020-12-25
7178,Qurate Retail Inc 8 % Cum Red Pfd Registered Shs Series A When Issued,1,2020-09-25,2020-09-25
7248,Fathom Holdings Inc,1,2020-12-25,2020-12-25
1533,Crawford & Company Class A,1,1997-09-26,1997-09-26
7245,"Elys Game Technology, Corp.",1,2020-12-25,2020-12-25
97,"Adept Technology, Inc.",1,2000-09-29,2000-09-29
1560,Crusader Energy Group Inc Com,1,2008-10-03,2008-10-03
3901,Nam Tai Property Inc.,1,2018-03-16,2018-03-16
1553,"Crossroads Systems, Inc.",1,2000-07-07,2000-07-07
5083,"Senomyx, Inc.",1,2006-10-13,2006-10-13
1705,Digex Incorporated,1,2001-07-06,2001-07-06
4229,OneComm Corporation,1,1994-08-26,1994-08-26
7096,89bio Inc,1,2020-03-06,2020-03-06
3304,"Lawson Products, Inc.",1,2005-02-04,2005-02-04
532,"Ascent Entertainment Group, Inc.",1,1999-10-29,1999-10-29
6514,Yodlee Inc,1,2015-11-13,2015-11-13
1294,ClinTrials Research Inc.,1,1997-01-31,1997-01-31
4006,Network Access Solutions Co Com,1,2000-07-14,2000-07-14
3983,NetGenesis Corp.,1,2000-04-07,2000-04-07
920,BSML Inc.,1,2001-07-20,2001-07-20
6243,"John Wiley & Sons, Inc. Class B",1,2005-08-26,2005-08-26
6445,Allied Motion Technologies Inc.,1,2018-09-28,2018-09-28
922,"BT Office Products International, Inc.",1,1996-07-05,1996-07-05
805,Clarus Corporation,1,2020-11-06,2020-11-06
721,Caribbean Investment Holdings Limited,1,2000-08-18,2000-08-18
858,"Boron, LePore & Associates, Inc.",1,1998-10-16,1998-10-16
2519,Graham Corporation,2,2008-08-01,2008-08-15
1790,"DSL.net, Inc.",2,2000-07-07,2000-07-14
6338,ZaZa Energy Corp.,2,2006-04-07,2006-04-21
6093,Viveve Medical Inc,2,1996-03-01,1996-03-08
6545,PDS Biotechnology Corp.,2,2018-03-09,2018-03-16
4222,Onconova Therapeutics Inc.,2,2013-09-27,2013-10-04
7012,"TransMedics Group, Inc.",2,2020-12-18,2020-12-25
1933,"ENCAD, Inc.",2,1996-10-04,1997-07-11
375,Ampco-Pittsburgh Corporation,2,2007-07-20,2008-06-20
6964,"Roan Resources, Inc.",2,2019-05-03,2019-05-10
4435,Periphonics Corporation,2,1999-10-29,1999-11-05
7232,Apartment Income REIT Corp,2,2020-12-18,2020-12-25
461,Aradigm Corporation,2,2000-03-03,2000-03-10
7098,"Satsuma Pharmaceuticals, Inc.",2,2020-02-07,2020-06-19
9,3Dfx Interactive,2,1999-05-21,1999-05-28
377,AmpliPhi BioSciences Corporation,2,2000-07-07,2000-08-25
2846,"Idera Pharmaceuticals, Inc.",2,2015-02-27,2015-03-06
2952,"Integrated Circuit Systems, Inc.",2,1997-10-03,1997-10-10
2953,"Integrated Defense Technologies, Inc.",2,2002-07-05,2002-09-13
2871,Immersion Corporation,2,2007-07-13,2018-06-15
1597,Cylink Corporation,2,2000-07-07,2000-07-14
1552,"Crossmann Communities, Inc.",2,2002-03-01,2002-04-12
2929,Innovex Inc.,2,1997-05-09,1997-05-16
2264,Foamex Intl Inc Com New,2,1997-01-31,1997-02-07
2237,Flagstar Co. Inc.,2,1994-03-11,1994-03-18
5363,Sterling Bancorp,2,2004-12-03,2004-12-31
5367,"Sterling Construction Company, Inc.",2,2020-12-18,2020-12-25
4862,"RFS Hotel Investors, Inc.",2,1998-05-01,1998-05-08
4972,Salton,2,2000-02-11,2000-03-03
5391,Strasbaugh,2,2000-12-08,2000-12-15
3890,"MyPoints.com, Inc.",2,2000-07-14,2000-07-21
1528,"CRA Managed Care, Inc.",2,1996-10-18,1997-08-29
1614,Daegis Inc.,2,1999-12-10,1999-12-17
7137,"Romeo Power, Inc. Class A",2,2020-12-18,2020-12-25
7135,Tuscan Holdings Corp.,2,2020-12-11,2020-12-25
5647,"Thomas Properties Group, Inc.",2,2007-10-05,2007-10-12
3988,Netcentives Inc Com,2,2000-07-07,2000-07-14
3801,MobileMedia Corporation,2,1996-07-05,1996-07-12
3684,Meridian Gold Inc.,2,1993-07-02,1993-07-30
1217,ChiRex Inc.,2,1999-07-23,1999-11-26
5565,"TelCom Semiconductor, Inc.",2,2000-07-07,2000-07-14
3804,"Modem Media, Inc.",2,2000-07-14,2000-07-21
5643,Third Wave Technologies,2,2008-06-13,2008-06-20
5444,"Superconductor Technologies, Inc.",2,2000-07-07,2000-07-14
5035,"SCO Group, Inc.",2,2000-04-07,2000-06-23
1738,Distributed Energy Sys,2,2000-11-03,2000-11-17
4732,"RAE Systems, Inc.",2,2004-11-12,2004-11-26
4584,"Premier Exhibitions, Inc.",2,2007-07-06,2007-07-20
5966,USLD Communications Corporation,2,1996-07-05,1996-07-12
7200,"Pandion Therapeutics, Inc.",2,2020-11-20,2020-11-27
6771,Sio Gene Therapies Inc,2,2018-01-05,2018-06-08
2133,Veru Inc,2,2020-12-18,2020-12-25
781,"Albireo Pharma, Inc.",2,2020-12-11,2020-12-18
4068,"NFO Worldwide, Inc.",2,2000-03-31,2000-04-07
2183,First Consulting Group,2,1999-01-08,1999-02-05
3139,Jumbosports Inc Com,2,1994-03-18,1994-04-08
2693,"Herbalife International, Inc.",2,1998-03-13,1998-03-20
6025,"Verastem, Inc.",2,2020-04-17,2020-04-24
6766,"Calyxt, Inc.",2,2019-05-03,2019-05-10
3498,Mair Holdings Inc Com,2,1998-07-10,1998-07-17
3641,"Mediaplex, Inc.",2,2000-07-07,2000-07-14
2062,Excel Tech,3,2000-06-30,2000-07-14
7033,"Atreca, Inc. Class A",3,2020-02-07,2020-03-06
4440,Pervasive Software Inc.,3,1999-10-01,1999-10-15
195,Aldus Corporation,3,1992-01-03,1992-01-24
6401,Horizon Global Corp.,3,2016-12-09,2016-12-30
4416,Penwest Pharmaceuticals,3,2006-02-10,2006-06-23
1998,"EpicEdge, Inc.",3,2000-07-07,2000-07-21
2752,HomeBanc,3,2006-02-24,2006-04-21
6681,"Solaris Oilfield Infrastructure, Inc. Class A",3,2019-05-03,2019-05-17
2571,Guaranty Financial Group Inc.,3,2008-02-08,2008-02-22
2673,Heart Technology Inc.,3,1995-12-15,1995-12-29
2105,Fairchild Corp Cl A,3,1998-07-10,1998-07-24
6415,Genco Shipping & Trading Ltd,3,2015-07-31,2015-08-14
7199,Advantage Solutions Inc Class A,3,2020-12-11,2020-12-25
7146,Canoo Inc. Class A,3,2020-12-11,2020-12-25
4400,Pemstar Inc.,3,2001-11-23,2001-12-07
3310,Lcc International Inc Cl A,3,2000-07-07,2000-07-21
4826,Republic Security Financial Corporation,3,1998-11-27,1999-01-01
6171,"WebLink Wireless, Inc.",3,2000-07-07,2000-07-21
979,"Calico Commerce, Inc.",3,2000-07-07,2000-07-21
5768,Tricord Systems Inc.,3,2000-07-14,2000-10-20
1901,Pareteum Corporation,3,2019-05-03,2019-05-24
2928,Innovative Clinical Solutn Com New,3,1996-07-19,1996-08-23
7206,"Sutro Biopharma, Inc.",3,2020-12-04,2020-12-25
7132,"Desktop Metal, Inc. Class A",3,2020-12-04,2020-12-25
5273,Spectrian Corporation,3,1997-09-26,1997-10-10
3989,"NetCreations, Inc.",3,2000-07-07,2000-07-21
5840,"United States Lime & Minerals, Inc.",3,2017-10-13,2017-10-27
5415,"Sun Bancorp, Inc.",3,2016-12-23,2017-10-27
5456,SureBeam Corporation,3,2002-08-16,2002-08-30
830,"Bluestone Software, Inc.",3,2000-07-14,2000-09-01
1905,"eLOT, Inc.",3,1999-04-16,2000-01-28
908,"Brooktrout, Inc.",3,2000-03-03,2000-08-25
4618,"Primus Knowledge Solutions, Inc.",3,2000-07-07,2000-07-21
3620,"MCSi, Inc.",3,2002-01-04,2002-01-18
3630,"Med Diversified, Inc.",3,2000-07-07,2000-07-21
4545,"Poniard Pharmaceuticals, Inc.",3,2000-07-07,2000-09-29
6596,"Fluent, Inc.",3,2019-04-26,2019-05-10
7220,"Eos Energy Enterprises, Inc. Class A",4,2020-12-04,2020-12-25
6998,"Evolus, Inc.",4,2019-05-03,2019-09-20
3063,Ipix Corp Com,4,2000-07-07,2000-07-28
87,Robotic Vision Systems,4,2000-03-24,2000-07-21
2981,"Interlogix, Inc.",4,2001-03-30,2001-06-29
7213,Aarons Company Inc,4,2020-12-04,2020-12-25
456,Aqua Alliance Inc.,4,1992-01-10,1992-02-14
443,Applied Films Corporation,4,2004-01-09,2004-02-13
6977,Adicet Bio Inc,4,2020-10-09,2020-12-25
2585,El Paso Energy Partners L P Pref Unit,4,1998-07-03,1998-07-24
3314,Leader Financial Corporation,4,1996-09-06,1996-09-27
6983,Seadrill Ltd.,4,2019-05-03,2019-05-24
1966,Enliven Marketing Technologies Inc.,4,2000-03-10,2000-03-31
4281,Oscient Pharmaceuticals Corp.,4,2000-07-07,2000-09-01
6543,"CPI Card Group, Inc.",4,2015-12-25,2016-01-15
3587,May & Speh Inc.,4,1998-07-03,1998-07-24
3455,Lumos Networks Corp.,4,2013-10-25,2013-12-06
793,BioSpecifics Technologies Corp.,4,2019-02-15,2019-03-15
3479,Mafco Consolidated Group Inc.,4,1997-07-04,1997-07-25
2608,Handy & Harman Ltd.,4,2014-12-26,2015-02-20
4184,"OCZ Technology Group, Inc.",4,2012-02-24,2012-03-16
4058,Nexell Therapeutics Inc.,4,2000-03-03,2000-03-24
602,"Auspex Systems, Inc.",4,1996-05-10,1996-05-31
3434,Loudeye Corp.,4,2000-07-07,2000-07-28
1880,eGain Corporation,4,2020-10-09,2020-11-06
4612,"Prime Service, Inc.",4,1997-07-04,1997-07-25
5898,United Counties Bancorporation,4,1996-02-02,1996-02-23
5876,Unilife Corporation,4,2014-03-21,2015-04-10
1129,"Centra Software, Inc.",4,2000-03-03,2000-03-24
2376,Gastar Exploration Inc.,4,2014-06-20,2014-07-18
5585,"Telocity Delaware, Inc.",4,2000-05-05,2000-06-16
3692,Merix Corp.,4,2000-09-08,2000-10-20
3719,"Metrologic Instruments, Inc.",4,2005-03-04,2006-04-14
1763,Donegal Group Inc. Class A,4,2006-10-13,2006-12-22
4690,Quadramed Corp,4,1999-01-08,1999-01-29
2402,General Magic Inc Com New,4,2000-03-03,2000-03-24
5354,"Steinway Musical Instruments, Inc.",4,2013-08-16,2013-09-06
5191,SmartDisk Corp.,4,2000-07-07,2000-07-28
3845,Mosinee Paper Corporation,4,1997-09-12,1997-10-03
2252,Flow International Corporation,4,2006-05-05,2006-10-13
1526,CPI Corp.,4,2007-05-11,2007-06-01
1545,Crexus Investment Corp.,4,2013-03-22,2013-04-12
5130,Siem Industries Inc,4,1997-09-19,1997-10-17
7260,Concentrix Corporation,4,2020-12-04,2020-12-25
7187,HighPeak Energy Inc,4,2020-09-04,2020-09-25
271,"Ambassadors International, Inc.",4,2007-02-23,2007-04-13
2957,Integrated Process Equipment Corp.,5,1997-08-29,1997-10-10
2940,"INSpire Insurance Solutions, Inc.",5,1998-11-06,1998-12-04
2933,Inphonic,5,2005-10-14,2007-02-16
1629,"Datastream Systems, Inc.",5,2000-03-03,2000-03-31
1607,"Cysive, Inc.",5,2000-07-07,2000-08-04
5208,"Sodak Gaming, Inc.",5,1996-08-30,1996-10-04
3902,"Nanogen, Inc.",5,2000-07-07,2000-09-01
1537,Creative BioMolecules,5,2000-02-18,2000-06-30
1423,Cone M L S Corporation of North Carolina,5,1993-04-02,1993-05-07
5029,Scientific Games Holdings Corp.,5,1995-09-08,1996-02-09
5050,Seadrill Ltd.,5,2017-03-03,2017-03-31
1693,"Diamond Multimedia Systems, Inc.",5,1997-01-24,1998-03-27
3981,Neoware,5,2006-03-24,2006-04-21
5479,"Symmetricom, Inc.",5,2005-03-18,2005-05-27
5486,Syncora Holdings Ltd.,5,2007-10-05,2007-11-02
1377,"Commercial Vehicle Group, Inc.",5,2010-12-10,2011-04-01
5677,"TippingPoint Technologies, Inc.",5,2000-04-07,2000-06-30
1207,Chiles Offshore Inc.,5,2002-05-03,2002-06-07
1067,Castlepoint Hldgs,5,2009-01-02,2009-01-30
1863,Edge Petroleum Corp,5,2006-01-20,2006-03-03
5971,"United Payors & United Providers, Inc.",5,2000-03-03,2000-03-31
3615,"MCK Communications, Inc.",5,2000-07-14,2000-09-22
4012,Network Systems Corporation,5,1992-01-03,1992-01-31
2222,FirstCom Corporation,5,2000-07-07,2000-08-25
3704,Metals USA Inc.,5,1998-07-03,1998-07-31
1745,"Docent, Inc.",5,2000-11-03,2000-12-08
3976,Neomagic Corporation,5,1998-12-04,1999-01-01
3933,National Research Corporation Class B,5,2013-05-24,2013-06-21
6722,"Basic Energy Services, Inc.",5,2018-01-05,2018-02-23
4096,"Nortek Holdings, Inc.",5,2003-01-03,2003-01-31
6570,,5,2016-07-01,2016-07-29
1001,Candela Corp,5,2006-03-31,2006-04-28
4564,"PowerSecure International, Inc.",5,2014-02-21,2014-04-18
4215,OMNOVA Solutions Inc.,5,2014-03-21,2018-04-27
7115,Apex Technology Acquisition Corp. Class A,5,2020-11-27,2020-12-25
4114,Northwest Pipe Company,5,2008-07-25,2008-09-19
4136,NTELOS Inc.,5,2000-07-07,2000-08-04
605,AutoWeb Inc,5,2004-02-27,2004-04-16
6892,InflaRx N.V.,5,2019-05-03,2019-05-31
6907,"Waitr Holdings, Inc. Class A",5,2019-05-03,2019-05-31
4421,PeopleSupport Inc.,5,2007-01-26,2007-02-23
6969,"Veritone, Inc.",5,2020-11-27,2020-12-25
6622,Energous Corp.,5,2018-02-23,2018-04-20
2838,Ict Group,5,2006-10-13,2006-12-08
4231,"OneMain.com, Inc.",5,1999-07-02,1999-07-30
7118,Tattooed Chef Inc Class A,5,2020-09-11,2020-12-25
10,3DO CO COM NEW,5,1994-10-07,2000-03-17
3056,iPass Inc.,5,2006-03-31,2006-05-05
2595,"Hall, Kinion & Associates, Inc.",5,2000-07-14,2000-08-18
6086,"Vitae Pharmaceuticals, Inc.",6,2016-09-16,2016-10-21
4017,"Neuromedical Systems, Inc.",6,1996-09-13,1996-10-25
4675,"Purple Communications, Inc.",6,2000-07-07,2000-11-03
2354,"FX Energy, Inc.",6,2005-01-14,2011-07-29
6040,Aspira Womens Health Inc.,6,2000-11-03,2020-12-25
1813,"Durata Therapeutics, Inc.",6,2014-10-10,2014-11-14
2361,"SELLAS Life Sciences Group, Inc.",6,2014-01-03,2014-02-07
5124,"Showboat, Inc.",6,1996-04-19,1996-06-21
5103,Seven Seas Petroleum Inc Shs,6,1998-07-03,1998-08-07
5167,Sirrom Capital Corporation,6,1998-07-03,1998-08-14
5640,"TheStreet, Inc.",6,1999-07-02,1999-10-08
5070,"Seitel, Inc.",6,1997-10-10,2001-03-09
7155,"Co-Diagnostics, Inc.",6,2020-05-22,2020-08-07
2914,Inforte Corp Com,6,2000-03-03,2000-04-07
80,"Active Software, Inc.",6,2000-07-07,2000-08-11
450,Applied Signal Tech,6,2010-12-24,2011-01-28
2101,Facet Biotech,6,2010-03-12,2010-04-16
7222,"SOC Telemed, Inc. Class A",6,2020-11-20,2020-12-25
7212,"Cleanspark, Inc.",6,2020-10-02,2020-12-25
401,"Anesiva, Inc.",6,2004-10-29,2004-12-03
3017,International Integration Incorporated,6,1999-09-24,1999-10-29
7111,"Triterras, Inc. Class A",6,2020-11-20,2020-12-25
4081,NitroMed,6,2005-10-07,2005-11-18
3578,Maxicare Health Com Npv,6,1996-01-26,1996-03-01
6439,Chiasma Inc,6,2015-09-25,2015-12-04
6965,Blink Charging Co,6,2020-11-20,2020-12-25
3377,"Life USA Holding, Inc.",6,1999-05-21,1999-06-25
2048,"Everyday Health, Inc.",6,2014-06-27,2014-08-15
6682,Corbus Pharmaceuticals Holdings Inc,6,2020-05-22,2020-09-04
3534,"Mariner Health Group, Inc.",6,1998-04-03,1998-05-08
6259,"Wink Communications, Inc.",6,2000-07-07,2000-09-01
7192,MP Materials Corp Class A,6,2020-11-20,2020-12-25
6903,Telaria Inc,6,2020-01-10,2020-02-28
2284,"Forte Software, Inc.",6,1999-09-10,1999-10-15
4961,"Sage, Inc.",6,2001-12-14,2002-01-18
6591,Golden Star Resources Ltd.,6,2020-08-07,2020-10-09
254,Alternative Resources Corporation,7,1996-07-05,1996-09-20
7163,"Luminar Technologies, Inc. Class A",7,2020-09-11,2020-12-25
5573,"TeleCommunication Systems, Inc. Class A",7,2000-09-01,2000-11-17
3718,"Metrocall Holdings, Inc.",7,2000-03-03,2000-08-04
7168,"Maxeon Solar Technologies, Ltd.",7,2020-08-14,2020-12-25
2869,IMC Mortgage Company,7,1997-10-10,1998-05-01
1554,Crown American Realty Trust,7,2003-10-03,2003-11-14
1488,"Corio, Inc.",7,2000-08-04,2000-09-15
2306,Franchise Mortgage Acceptance Co.,7,1998-07-03,1998-08-14
4916,Royal Appliance Mfg. Co.,7,1992-07-03,1992-09-18
1398,"Computer Learning Centers, Inc.",7,1998-01-23,1998-03-06
4784,Refco Inc Com,7,2005-09-02,2005-10-14
4624,"Procom Technology, Inc.",7,2000-07-07,2000-09-08
1864,Edgen Group Inc. Class A,7,2013-10-04,2013-11-15
6016,"Vencor, Inc.",7,1998-05-01,1998-06-12
1162,"Championship Auto Racing Teams, Inc.",7,1999-05-21,1999-09-10
1187,"Chelsea Therapeutics International, Ltd.",7,2014-05-09,2014-06-20
5834,"U.S. Concrete, Inc.",7,2006-03-24,2006-05-12
2182,"First Connecticut Bancorp, Inc.",7,2018-08-03,2018-09-21
579,"Athlon Energy, Inc.",7,2014-09-26,2014-11-07
3388,Limoneira Company,7,2018-08-03,2018-09-14
3488,MagnaChip Semiconductor Corporation,7,2020-01-24,2020-12-04
3576,"Mavenir Systems, Inc.",7,2015-03-06,2015-04-24
3547,Marriott International Inc.,7,1998-04-03,1998-05-15
6597,Apigee Corporation,7,2016-09-23,2016-11-04
6494,"TubeMogul, Inc.",7,2016-04-15,2016-12-16
7105,"HBT Financial, Inc.",7,2020-01-03,2020-02-14
490,Ares Commercial Real Estate Corporation,7,2020-01-24,2020-03-06
502,"ARM Financial Group, Inc.",7,1998-07-03,1999-01-01
1930,EMusic.com Inc.,7,1999-10-01,1999-12-10
315,American Income Holding Incorporated,7,1994-09-16,1994-10-28
64,"AcelRx Pharmaceuticals, Inc.",8,2014-01-03,2014-03-21
7211,NETSTREIT Corp.,8,2020-11-06,2020-12-25
2102,"Factory 2-U Stores, Inc.",8,2000-07-28,2001-02-02
4347,Panhandle Oil and Gas Inc. Class A,8,2014-07-18,2014-09-26
4388,"PCTEL, Inc.",8,2000-07-07,2000-09-08
4098,North American Mortgage Company,8,1993-10-01,1994-09-16
4429,"Avid Bioservices, Inc.",8,2012-09-21,2020-12-25
2007,"ePresence, Inc.",8,1999-12-24,2000-03-10
4821,Repros Therapeutics Inc.,8,2013-09-06,2014-08-29
3947,"Natures Sunshine Products, Inc.",8,1996-04-12,1998-04-03
3984,"Net2000 Communications, Inc.",8,2000-04-07,2000-06-30
4674,Puritan-Bennett Corporation,8,1995-07-07,1995-08-25
1809,Dura Automotive Sys A,8,1999-07-02,1999-08-20
4577,"Predictive Systems, Inc.",8,2000-07-07,2000-11-10
4606,Prima Energy Corporation,8,2004-06-11,2004-07-30
1882,"Egghead.com, Inc.",8,1998-11-27,1999-04-09
1600,Cypress Bioscience Inc.,8,2007-05-25,2007-10-19
1609,Cytogen Corp.,8,1992-01-17,2000-09-15
3994,"NetGravity, Inc.",8,1999-07-09,1999-10-22
1585,Curtiss Wright Class B,8,2004-11-26,2005-04-22
1733,"Windtree Therapeutics, Inc.",8,2004-01-23,2004-05-28
3517,Manufacturers Services Limited,8,2000-08-04,2000-09-22
797,Birks Group Inc.,8,1992-11-13,1993-01-29
884,Brightcove Inc.,8,2020-10-23,2020-12-25
3700,"Yield10 Bioscience, Inc.",8,2007-10-05,2007-12-28
5753,Trex Medical Corporation,8,1998-07-03,1998-08-21
5731,Transmeridian Expl Inc,8,2006-01-06,2006-07-07
3622,MDC Partners Inc. Class A,8,2018-01-05,2018-02-23
2386,GenCare Health Systems Inc.,8,1994-12-09,1995-01-27
5786,"Trius Therapeutics, Inc.",8,2013-07-19,2013-09-06
5408,"SUGEN, Inc.",8,1999-07-02,1999-08-27
1520,"Covenant Logistics Group, Inc. Class A",8,2018-03-16,2018-07-06
5784,Triton Network Sys Inc Com,8,2000-08-04,2000-09-22
6024,Verado Hldgs Inc Com Ser B,8,2000-04-07,2000-06-30
6053,Viant Corporation,8,2000-07-07,2000-08-25
1040,CareMatrix Corporation,8,1998-01-02,1998-03-27
3457,Luxottica Group S.p.A.,8,2019-02-08,2019-03-29
6641,Ryerson Holding Corporation,8,2016-11-25,2017-04-28
6619,Xactly Corp,8,2017-06-02,2017-07-28
6667,,8,2016-12-09,2017-01-27
6996,"ShotSpotter, Inc.",8,2019-05-03,2019-06-28
7015,Jumia Technologies AG Sponsored ADR,8,2019-10-04,2020-06-05
517,Arrowpoint Communication In Com,8,2000-05-05,2000-06-23
537,"ASK Group, Inc.",8,1993-01-15,1993-03-19
6928,"Kandi Technologies Group, Inc.",8,2020-11-06,2020-12-25
6850,"Chaparral Energy, Inc. Class A",8,2018-10-05,2018-11-23
6755,"Mastercraft Boat Holdings, Inc.",8,2018-10-05,2020-12-25
6772,"Syros Pharmaceuticals, Inc.",8,2020-07-03,2020-12-25
7126,Switchback Energy Acquisition Corporation Class A,8,2020-11-06,2020-12-25
3005,InterWorld Corporation,8,2000-07-07,2000-09-08
7151,"Golden Nugget Online Gaming, Inc. Class A",8,2020-09-04,2020-12-25
428,Aphton Corp Com,8,2000-02-18,2000-04-07
7101,Silvergate Capital Corp. Class A,8,2020-11-06,2020-12-25
407,Animas Corporation,8,2005-12-30,2006-02-17
1675,"Destination XL Group, Inc.",9,2006-10-27,2007-06-01
4982,Sanford Corporation,9,1992-01-03,1992-02-28
6433,"MediciNova, Inc.",9,2018-03-09,2019-05-17
1095,Cch Inc Cl B Non Vtg,9,1995-12-01,1996-01-26
1094,"CCH, Inc.",9,1995-12-01,1996-01-26
5870,Unicapital Corporation,9,1998-07-03,1998-08-28
5910,United PanAm Financial Corp.,9,2006-03-31,2006-06-30
5409,"SulphCo, Inc.",9,2007-08-31,2007-11-02
1296,Closure Medical Corporation,9,1999-01-15,2004-02-06
2327,Friede Goldman Halter,9,1998-07-03,1999-11-26
976,"Calgene, Inc.",9,1997-04-04,1997-05-30
6653,Amplify Energy Corp.,9,2016-12-23,2017-02-24
6523,Ocular Therapeutix Inc,9,2020-10-09,2020-12-25
876,Breakaway Solutions Inc Com,9,2000-07-07,2000-09-08
2652,HCIA Inc.,9,1996-07-05,1996-09-27
3381,"Lifeminders, Inc.",9,2000-07-14,2000-09-29
636,Avondale Industries Inc.,9,1999-06-04,1999-07-30
1860,Ecollege.Com,9,2006-05-05,2007-07-27
6889,Ranpak Holdings Corp. Class A,9,2020-10-09,2020-12-25
4,24/7 Real Media Inc.,9,2007-04-27,2007-06-22
108,Advanced Analogic Technologies,9,2007-10-05,2007-12-28
146,Aga Medical Holdings,9,2010-09-24,2010-11-19
7056,Boston Omaha Corp. Class A,9,2019-11-01,2020-12-25
482,"Arden Group, Inc. Class A",9,2007-08-17,2008-11-07
3298,"Laser Vision Centers, Inc.",9,1999-07-02,1999-09-10
398,Andover.net Inc.,9,2000-01-07,2000-03-10
3154,Humanigen Inc,9,2020-10-02,2020-12-25
598,Augat Inc.,9,1996-10-11,1996-12-06
5165,"Sirna Therapeutics, Inc.",9,2006-11-03,2006-12-29
6217,Western Waste Industries,9,1996-03-08,1996-05-03
5232,Sorrento Networks Corporation,9,2000-07-07,2000-09-01
1741,Divine Inc Cl A New,9,2000-08-04,2000-09-29
4998,Satcon Technology Corporation,9,2010-12-24,2011-02-18
1531,"Jenny Craig, Inc.",9,1992-11-20,1993-02-19
4355,Paragon Offshore plc,9,2014-08-08,2014-10-03
4223,Cascadian Therapeutics Inc.,9,2018-02-02,2018-03-30
2084,Extended Systems Incorporated,9,2000-07-07,2000-09-29
4023,"New England Business Service, Inc.",9,1998-12-25,2004-06-25
1939,Endeavour International Corporation,9,2011-04-22,2011-07-22
7240,Paya Holdings Inc Class A,9,2020-10-30,2020-12-25
2308,Frankfort Tower Inds Inc Com,9,1996-05-17,1996-07-12
3854,"MP3.com, Inc.",10,2000-07-07,2000-11-17
6472,Natural Health Trends Corp.,10,2015-10-23,2015-12-25
6637,"Overseas Shipholding Group, Inc. Class A",10,2016-09-23,2016-11-25
6608,"Neoleukin Therapeutics, Inc",10,2020-04-17,2020-12-25
5359,"Stereotaxis, Inc.",10,2007-07-20,2007-12-07
1158,"Chambers Development Company, Inc.",10,1992-01-03,1992-03-06
3714,"Metro Information Services, Inc.",10,1998-07-03,1999-01-29
1314,"CNS, Inc.",10,2006-10-13,2006-12-15
2377,"GateHouse Media, Inc.",10,2007-10-05,2008-02-01
5437,"Sunrise Technologies International, Inc.",10,1999-07-02,2000-06-09
5586,Telxon Corporation,10,1998-04-24,1998-07-10
4705,Quarterdeck Corporation,10,1995-11-03,1996-01-05
3865,"MSGI Security Solutions, Inc.",10,1999-07-02,2000-03-10
1658,Delta Woodside Inds Inc New Com New,10,1992-01-10,1992-04-17
2230,"Fisher Communications, Inc.",10,2001-07-06,2002-06-28
5407,Suffolk Bancorp,10,2016-12-09,2017-03-10
5185,"SLM International, Inc.",10,1993-09-03,1993-11-12
1908,Embarcadero Technologies Inc.,10,2001-07-06,2002-01-18
1928,"EMS Technologies, Inc. (Georgia)",10,2011-06-17,2011-08-19
4486,"Physicians Resource Group, Inc.",10,1996-07-05,1997-01-31
2050,Evolve Software Inc Com New,10,2000-09-01,2000-11-10
60,Accrue Software Inc Com,10,2000-07-07,2000-09-08
4433,Performant Financial Corporation,10,2013-09-27,2014-07-18
2001,EPIX Pharmaceuticals Inc.,10,2004-04-09,2004-06-11
1934,Encompass Services Corp.,10,1999-08-06,2001-06-29
4523,Playboy Enterprises Class B,10,1999-04-23,2000-01-14
1870,Educate Inc.,10,2005-10-07,2006-01-27
5139,SignalSoft Corporation,10,2000-09-01,2000-11-03
4230,Oneida Ltd.,10,1998-03-20,1999-07-02
38,AboveNet Communications Inc.,10,1999-07-02,1999-09-03
1706,Digi International Inc.,10,2019-11-22,2020-12-25
1577,Culbro Corporation,10,1997-05-09,1997-07-11
5109,Sharper Image Corp.,10,2004-01-23,2004-04-23
2855,"Teligent, Inc.",10,2014-10-31,2017-06-23
451,"AppNet, Inc.",10,2000-07-07,2000-09-08
6995,Lovesac Company,10,2019-05-03,2020-12-25
7050,"TCR2 Therapeutics, Inc.",10,2020-10-09,2020-12-25
3128,Jones Soda Co.,10,2007-03-23,2007-05-25
2686,"Helene Curtis Industries, Inc.",10,1996-01-26,1996-03-29
3330,"LendingTree, Inc.",10,2003-05-30,2003-08-01
3749,Isolyser Co,10,1995-10-13,1996-05-10
7094,"Mirum Pharmaceuticals, Inc.",10,2020-01-03,2020-12-11
3223,"KIT digital, Inc.",10,2010-12-24,2012-02-24
6021,Venture Stores Inc Com,11,1992-02-28,1992-06-05
736,"BEI Technologies, Inc.",11,2005-07-22,2005-09-30
1114,Cellnet Data Systems,11,1997-07-18,1998-05-08
2475,"Global Industrial Technologies, Inc.",11,1996-01-26,1996-04-05
3647,Medical Staffing Network Holdings Inc,11,2002-07-05,2003-01-17
3521,MapInfo Corporation,11,2000-12-08,2001-02-16
4162,OCharleys Inc.,11,2007-01-12,2007-06-08
1907,"eMachines, Inc.",11,2000-04-07,2000-06-16
1989,"Envit Capital Group, Inc.",11,1996-12-20,1997-03-14
4476,Phoenix Technologies Ltd.,11,2000-01-28,2000-05-05
2030,Essex Corporation,11,2006-11-10,2007-01-19
214,"Allegiant Bancorp, Inc.",11,2004-01-23,2004-04-02
4354,"Paradyne Networks, Inc.",11,2000-07-07,2000-09-15
2373,"Badlands Energy, Inc.",11,2005-12-02,2006-04-21
1348,"Collegiate Funding Services, Inc.",11,2005-12-16,2006-02-24
5196,"Smith Micro Software, Inc.",11,2007-03-30,2011-01-07
5283,"Spine-Tech, Inc.",11,1997-07-25,1998-01-30
1473,"Copley Pharmaceutical, Inc.",11,1994-07-01,1994-09-09
1237,CIM Commercial Trust Corporation,11,2014-10-10,2014-12-19
4653,Proxim Wireless Corporation,11,2000-03-03,2000-07-14
4903,Roma Financial Corporation,11,2013-09-27,2013-12-06
1601,"Cypress Communications, Inc.",11,2000-03-03,2000-05-12
2607,WHX Corporation,11,1994-01-21,1994-08-05
2979,Interliant Inc Com,11,2000-07-07,2000-09-22
575,"Athena Neurosciences, Inc.",11,1996-03-29,1996-06-14
2985,INTERMET Corporation,11,1998-03-20,1998-07-17
326,American Pad & Paper Co New Com,11,1997-07-04,1997-09-12
3032,Intrusion Inc.,11,1995-07-28,1995-11-17
3065,Iridium World Communications Ltd. Class A,11,1998-07-03,1998-12-25
160,"AHL Services, Inc.",11,1998-07-03,1999-09-10
2960,"Integrated Telecom Express, Inc.",12,2000-09-01,2000-11-17
1048,Carreker Corporation,12,2000-12-01,2001-05-04
3100,JAMDAT Mobile Inc.,12,2005-11-25,2006-02-10
7247,DarioHealth Corp.,12,2020-10-02,2020-12-25
5951,CarParts.com Inc,12,2020-10-09,2020-12-25
1120,"Centennial Technologies, Inc.",12,1996-11-08,1997-01-24
1890,"Elcom International, Inc.",12,1999-12-31,2000-03-24
7219,Vontier Corp,12,2020-10-09,2020-12-25
1849,"eBenX, Inc.",12,2000-01-07,2000-03-24
6515,Attunity Ltd,12,2019-01-18,2019-04-26
4252,Option Care,12,2007-05-25,2007-08-10
4258,"ORATEC Interventions, Inc.",12,2000-07-07,2000-09-22
6985,Magenta Therapeutics Inc,12,2019-05-03,2019-07-26
1157,Chambers Dev Inc Cl A,12,1992-01-03,1992-03-20
7209,"Inozyme Pharma, Inc.",12,2020-10-09,2020-12-25
298,American Classic Voyages Co.,12,1999-11-19,2000-02-11
1248,"Circle International Group, Inc.",12,2000-07-07,2000-09-29
4235,"Onvia, Inc.",12,2000-04-07,2000-06-30
796,Bioveris,12,2007-04-06,2007-06-22
325,American Oil & Gas Inc,12,2010-10-01,2010-12-17
316,American Independence Corp.,12,1999-07-09,2000-04-07
6335,ZAGG Inc,12,2017-11-03,2018-06-22
6188,Wellsford Residential Property Trust,12,1997-02-14,1997-05-30
4059,"NexPrise, Inc.",12,2000-07-07,2000-09-29
3846,"Mossimo, Inc.",12,1996-07-05,1996-09-20
6895,AC Immune SA,12,2020-04-03,2020-09-18
4035,New World Communications Group Incorporated,12,1995-08-25,1996-05-03
3764,"Midstates Petroleum Company, Inc.",12,2012-09-28,2014-06-27
1351,"Colonial Companies, Inc.",12,1993-01-01,1993-03-26
1347,"Collectors Universe, Inc.",12,2020-10-09,2020-12-25
3842,"Morrison Management Specialists, Inc.",12,2001-02-09,2001-04-27
3751,"MicroVision, Inc.",12,2000-02-18,2020-12-25
4212,Omnisky Corp Com,12,2000-10-06,2000-12-29
378,"AmREIT, Inc. Class B",12,2014-11-07,2015-01-23
336,"American Software, Inc. Class A",12,2018-08-24,2020-11-20
2829,Ibis Technology Corp.,12,2000-01-21,2000-04-07
114,"Advanced Lighting Technologies, Inc.",12,1998-04-03,1998-07-17
7197,AlloVir Inc,13,2020-10-02,2020-12-25
7198,"AVITA Therapeutics, Inc.",13,2020-10-02,2020-12-25
7221,AZEK Company Inc Class A,13,2020-10-02,2020-12-25
6434,"Trevena, Inc.",13,2015-09-25,2016-01-01
7225,Avidity Biosciences Inc,13,2020-10-02,2020-12-25
7224,Royalty Pharma Plc Class A,13,2020-10-02,2020-12-25
7190,"Nurix Therapeutics, Inc.",13,2020-10-02,2020-12-25
7060,Owl Rock Capital Corp.,13,2019-10-04,2019-12-27
7194,"Vital Farms, Inc.",13,2020-10-02,2020-12-25
7196,Skillz Inc. Class A,13,2020-10-02,2020-12-25
7201,Foley Trasimene Acquisition Corp. Class A,13,2020-10-02,2020-12-25
2039,"Evans Withycombe Residential, Inc.",13,1997-09-12,1997-12-19
3161,Kansas Gas & Electric Company,13,1992-01-03,1992-03-27
7223,"Trean Insurance Group, Inc.",13,2020-10-02,2020-12-25
7207,NANO-X IMAGING LTD,13,2020-10-02,2020-12-25
7249,APi Group Corporation,13,2020-10-02,2020-12-25
7250,Montrose Environmental Group Inc,13,2020-10-02,2020-12-25
4482,"Physician Computer Network, Inc.",13,1996-07-05,1996-12-13
4385,"PayPal, Inc.",13,2002-07-05,2002-09-27
7205,"ALX Oncology Holdings, Inc.",13,2020-10-02,2020-12-25
7242,Repare Therapeutics Inc.,13,2020-10-02,2020-12-25
7251,"Accolade, Inc.",13,2020-10-02,2020-12-25
7214,BigCommerce Holdings Inc,13,2020-10-02,2020-12-25
7252,MultiPlan Corp Class A,13,2020-10-02,2020-12-25
7256,Inhibrx Inc,13,2020-10-02,2020-12-25
7254,Clover Health Investments Corp Class A,13,2020-10-02,2020-12-25
7257,"Annexon, Inc.",13,2020-10-02,2020-12-25
5723,"Transaction Network Services, Inc.",13,1999-08-27,1999-11-19
5757,"Triangle Bancorp, Inc.",13,1999-08-27,1999-12-10
7193,Sezzle Inc Shs Chess Depository Interests Repr 1 Sh,13,2020-10-02,2020-12-25
7008,"Brigham Minerals, Inc. Class A",13,2019-12-13,2020-03-06
7191,Trebia Acquisition Corp. Class A,13,2020-10-02,2020-12-25
1409,Comverge Inc.,13,2007-10-05,2008-01-11
138,"AFC Cable Systems, Inc.",13,1999-07-02,1999-11-19
7227,Generation Bio Co.,13,2020-10-02,2020-12-25
4010,Network Plus Corp Com,13,2000-07-07,2001-02-02
7238,Immatics N.V.,13,2020-10-02,2020-12-25
7237,"Poseida Therapeutics, Inc.",13,2020-10-02,2020-12-25
7236,"Akouos, Inc.",13,2020-10-02,2020-12-25
7239,Dun & Bradstreet Holdings Inc,13,2020-10-02,2020-12-25
2217,"First United Bancshares, Inc.",13,1998-03-20,1998-12-25
7235,"Acutus Medical, Inc.",13,2020-10-02,2020-12-25
358,AmeriTrust Corp.,13,1992-01-03,1992-03-27
7233,Lordstown Motors Corp. Class A,13,2020-10-02,2020-12-25
7234,Jamf Holding Corp,13,2020-10-02,2020-12-25
7230,"Rackspace Technology, Inc.",13,2020-10-02,2020-12-25
7231,"nCino, Inc.",13,2020-10-02,2020-12-25
7243,Lemonade Inc,13,2020-10-02,2020-12-25
7244,Opendoor Technologies Inc,13,2020-10-02,2020-12-25
76,"Actinium Pharmaceuticals, Inc.",13,2020-10-02,2020-12-25
158,Agribiotech,13,1998-07-03,1999-01-15
7216,"Harmony Biosciences Holdings, Inc.",13,2020-10-02,2020-12-25
7228,GoHealth Inc Class A,13,2020-10-02,2020-12-25
7229,"Duck Creek Technologies, Inc.",13,2020-10-02,2020-12-25
7215,"iTeos Therapeutics, Inc.",13,2020-10-02,2020-12-25
7218,"Vaxcyte, Inc.",13,2020-10-02,2020-12-25
7217,"Nkarta, Inc.",13,2020-10-02,2020-12-25
564,"AT Entertainment, Inc.",13,1999-06-04,1999-08-27
550,Associated Natural Gas Corporation,13,1993-09-03,1994-12-09
3720,Metromail Corporation,13,1997-07-04,1998-04-24
3830,"Monterey Resources, Inc.",13,1997-08-08,1997-10-31
765,Beyond.com Corporation,13,1999-07-02,1999-10-08
4733,"RailAmerica, Inc.",13,2006-11-17,2007-02-09
3978,"NEON Communications, Inc.",13,2000-07-07,2000-09-29
252,"Alteon WebSystems, Inc.",13,2000-07-07,2000-09-29
7095,Oportun Financial Corp.,13,2020-01-03,2020-12-25
6789,Forte Biosciences Inc.,13,2020-10-02,2020-12-25
7159,"Cue Biopharma, Inc.",13,2020-04-24,2020-07-17
3938,"National Surgery Centers, Inc.",13,1998-04-24,1998-07-17
1708,Digimarc,13,2000-01-07,2000-03-31
4833,Resonate Inc.,13,2000-09-01,2000-11-24
2339,FSF Financial Corp.,13,1995-07-07,1995-09-29
2329,Frontier Airlines,13,2002-01-04,2002-04-12
7067,Target Hospitality Corp.,13,2019-10-04,2020-02-14
1812,"Duramed Pharmaceuticals, Inc.",13,2001-07-20,2001-10-19
2659,"HealthCare Financial Partners, Inc.",13,1998-07-03,1999-01-01
3368,"Franchise Group, Inc. Class A",13,2020-10-02,2020-12-25
7210,Jaws Acquisition Corp. Class A,13,2020-10-02,2020-12-25
6388,Arbutus Biopharma Corporation,13,2018-07-06,2018-10-05
1056,"Cartesian, Inc.",13,2000-07-07,2000-09-29
7027,"Precision BioSciences, Inc.",13,2019-11-15,2020-11-27
7246,"Kymera Therapeutics, Inc.",13,2020-10-02,2020-12-25
7226,Rocket Companies Inc Class A,13,2020-10-02,2020-12-25
7203,Berkeley Lights Inc,13,2020-10-02,2020-12-25
7202,"Forma Therapeutics Holdings, Inc.",13,2020-10-02,2020-12-25
7204,"Relay Therapeutics, Inc.",13,2020-10-02,2020-12-25
7241,"Vertex, Inc. Class A",13,2020-10-02,2020-12-25
3082,ITXC Corp.,13,2000-07-07,2000-09-29
7253,Brookfield Renewable Corporation Class A,13,2020-10-02,2020-12-25
7208,"RumbleOn, Inc. Class B",13,2020-10-02,2020-12-25
3585,MAXXAM Inc.,14,1995-08-11,1998-05-15
6533,"Atlantic Capital Bancshares, Inc.",14,2017-04-28,2018-07-20
3638,Media Vision Technology Inc Com,14,1993-11-12,1994-02-11
5078,"Seminis, Inc.",14,1999-07-02,1999-11-05
603,Authentic Fitness Corporation,14,1996-01-26,1996-04-26
342,American Travellers Corporation,14,1996-09-13,1996-12-13
3973,"Neoforma, Inc.",14,2000-02-04,2000-06-09
1680,"Dex Media, Inc.",14,2010-06-25,2010-10-15
4948,"Saba Software, Inc.",14,2000-05-05,2001-08-03
6868,"Senseonics Holdings, Inc.",14,2018-10-05,2019-03-08
3288,Landmark Graphics Corporation,14,1996-07-05,1996-10-04
5746,"TRC Companies, Inc.",14,2017-03-31,2017-06-30
2978,Intergroup Healthcare Corp.,14,1994-07-29,1994-10-28
7031,New Frontier Health Corp.,14,2019-12-27,2020-03-27
4412,"Penske Motorsports, Inc.",14,1999-04-23,1999-07-23
6078,"Vishay Precision Group, Inc.",14,2018-07-20,2019-08-02
1021,Capstone Capital Corporation,14,1998-04-03,1998-07-24
1814,DURECT Corporation,14,2001-07-06,2020-01-10
4596,"Preview Systems, Inc.",14,2000-01-07,2000-04-07
4494,Pillowtex Corp.,14,1998-04-03,1998-07-24
4555,Possis Medical,14,2004-03-12,2004-08-20
4611,"Prime Retail, Inc.",14,1998-06-19,1998-09-25
5945,Westwater Resources Inc,14,2007-10-12,2008-01-11
5605,TerreStar Corp.,14,2007-10-05,2008-01-04
5648,Thomas Weisel Partners Group Inc,14,2006-11-10,2007-04-27
3614,MCI Inc.,14,2005-10-07,2006-01-06
2553,"Greenway Medical Technologies, Inc.",14,2012-10-05,2013-11-01
2151,Filenes Basement Corp.,14,1992-01-03,1992-04-03
4877,"Rio Hotel & Casino, Inc.",14,1998-01-16,1998-04-17
3648,"MedicaLogic/Medscape, Inc.",14,2000-01-07,2000-04-07
735,"Bedford Property Investors, Inc.",14,2004-02-13,2004-10-15
4061,"NeXstar Pharmaceuticals, Inc.",14,1999-03-05,1999-07-23
6944,Hoegh LNG Partners LP,14,2019-10-18,2020-01-31
1099,"CDnow, Inc.",14,1999-03-19,1999-11-26
3444,LTWC Corporation,14,1999-11-05,2000-02-11
5833,"U.S. Bioscience, Inc.",14,1992-01-03,1992-05-08
251,"Alphatec Holdings, Inc.",14,2010-04-23,2020-12-25
6465,Marinus Pharmaceuticals Inc,14,2020-09-25,2020-12-25
3129,Earle M. Jorgensen Company,15,2005-12-02,2006-03-31
4583,"Premier Bancshares, Inc.",15,1999-01-01,1999-07-23
2921,Inhibitex Inc,15,2011-11-04,2012-02-10
3321,LECG Corporation,15,2005-07-01,2005-10-21
2948,Integra Bank Corporation,15,1999-01-01,1999-12-10
2993,Internet Brands-Cl A,15,2010-07-23,2010-12-10
2259,Flycast Communications Corporation,15,1999-10-01,2000-01-07
99,"AdForce, Inc.",15,1999-07-09,2000-01-07
364,Amf Bowling Inc Com,15,1998-07-03,1999-07-09
2093,Ezenia! Inc.,15,1996-10-11,1997-01-24
4216,Omrix Biopharmaceuticals,15,2007-10-05,2008-01-11
1247,"Circa Pharmaceuticals, Inc.",15,1995-04-07,1995-07-14
2565,Gst Telecommunications Inc Com,15,1998-07-03,1999-09-03
222,"Alliance Holdings GP, L.P.",15,2006-06-23,2006-09-29
301,"American Disposal Services, Inc.",15,1998-07-03,1998-10-09
941,Burns International Services Corporation,15,1993-09-10,1999-07-02
3384,"LightPath Technologies, Inc. Class A",15,2000-07-07,2000-11-03
2616,"Hansen Medical, Inc.",15,2007-10-05,2008-01-11
5839,U.S. Home Corporation,15,1998-02-27,2000-03-31
6530,"Concert Pharmaceuticals, Inc.",15,2015-10-16,2018-03-30
2458,Gilat Satellite Networks Ltd.,15,2018-06-29,2019-03-22
5795,"Trump Hotels & Casino Resorts, Inc.",15,1996-07-05,1996-10-18
2085,"Extensity, Inc.",15,2000-02-04,2000-06-30
816,Blair Corporation,15,1992-11-20,1993-04-02
5527,Tarantella Inc.,15,1999-12-10,2000-03-17
785,"BioLife Solutions, Inc.",15,2020-09-18,2020-12-25
5564,Telco Communctns Group Inc.,15,1997-07-04,1997-10-10
485,AREA Bancshares Corporation,15,1998-04-17,2002-03-15
4700,Quantum Chemical Corporation,15,1992-06-26,1993-09-24
4911,RoTech Medical Corporation,15,1996-04-26,1997-10-10
609,"Automotive Industries Holding, Inc.",15,1994-02-04,1995-08-25
2375,GaSonics International Corporation,15,2000-02-11,2000-07-14
3840,Morningstar Group Inc.,15,1997-07-25,1997-11-21
1354,Color Kinetics,15,2007-05-18,2007-08-24
5355,StellarOne Corporation,15,2013-09-20,2013-12-27
5043,Sea Containers Ltd. Shs -A-,15,1999-04-30,1999-12-10
1543,Crestline Capital Corporation,15,2001-06-29,2002-06-28
5275,"Spectrum Information Technologies, Inc.",15,1993-10-15,1994-01-21
6847,Aptinyx Inc,15,2018-10-05,2019-01-11
2256,Fluke Corporation,15,1997-06-20,1998-07-03
5156,"SilverStream Software, Inc.",15,2000-07-07,2000-10-20
4171,Occam Networks,15,2000-08-04,2000-11-10
4007,Network Engines Inc.,15,2000-08-04,2000-11-10
6898,"Replimune Group, Inc.",15,2019-05-03,2020-12-25
4856,"Rexel, Inc.",15,1997-03-07,1997-11-28
1275,"CKS Group, Inc.",16,1997-07-11,1998-12-18
7164,Velodyne Lidar Inc.,16,2020-07-03,2020-12-25
6366,"Zurn Industries, Inc.",16,1998-02-20,1998-06-05
950,"C-bridge Internet Solutions, Inc.",16,2000-01-07,2000-07-14
2094,F&M Bancorp,16,2003-04-25,2003-08-08
7014,"Diamond S Shipping, Inc.",16,2019-10-11,2020-04-24
2671,HearMe,16,1999-11-19,2000-03-31
385,"Amyris, Inc.",16,2011-09-23,2020-12-25
2055,"Exactech, Inc.",16,2017-10-27,2018-02-09
4558,Potbelly Corp.,16,2013-12-27,2014-04-11
6004,Varlen Corporation,16,1998-07-17,1999-08-27
2052,Evotec AG Sponsored ADR,16,2006-01-13,2006-04-28
248,Alpha and Omega Semiconductor Limited,16,2016-10-07,2020-12-25
1223,Chordiant Software,16,2000-03-03,2007-10-12
1624,Darwin Prof UWriter,16,2008-06-27,2008-10-17
1627,Data Return Corporation,16,2000-07-07,2000-10-20
2119,FBR & Co.,16,2007-10-05,2008-02-01
3954,Navisite,16,2000-07-07,2000-11-03
4739,Rally Software Development Corp.,16,2013-09-27,2014-02-21
2340,FSI International Inc.,16,1995-08-25,2000-07-14
484,"Ardent Software, Inc.",16,1999-10-08,2000-02-25
6954,"Organogenesis Holdings, Inc. Class A",16,2019-05-03,2019-09-27
1359,"Juniper Pharmaceuticals, Inc.",16,1997-05-30,2003-09-26
3791,"Mitek Systems, Inc.",16,2020-08-14,2020-12-25
2396,"General Datacomm Industries, Inc.",16,1994-09-23,1995-01-27
5067,Security Pacific Corporation,16,1992-01-03,1992-04-17
604,Authorize.Net Hldg,16,2001-06-08,2007-10-26
2845,"Ideon Group, Inc.",17,1995-01-06,1995-05-12
4074,Nighthawk Radiology Holdings,17,2007-10-05,2008-01-25
3946,Natural Resource Partners L Sub Ut Ltd Par,17,2005-09-02,2005-12-23
2167,Advanced Radio Telecom Corp.,17,1999-12-31,2000-06-09
6785,"Achaogen, Inc.",17,2018-01-12,2018-06-22
4735,"Rainbow Technologies, Inc.",17,2000-03-03,2000-12-08
7173,Whiting Petroleum Corporation,17,2020-09-04,2020-12-25
6688,Ultra Petroleum Corp.,17,2018-01-05,2018-05-04
1418,Concord Camera Corp,17,2000-07-07,2000-12-08
5504,SystemSoft Corporation,17,1996-07-05,1996-11-15
3711,"Metricom, Inc.",17,2000-07-07,2000-10-27
1341,"Cole Real Estate Investments, Inc.",17,2013-09-27,2014-01-17
3715,Metro Mobile Cts Inc Cl B,17,1992-01-03,1992-04-24
2110,Fairway Group Holdings Corp. Class A,17,2013-09-27,2014-01-17
6987,"Establishment Labs Holdings, Inc.",17,2019-05-03,2020-02-21
3627,Measurex Corp.,17,1995-06-23,1997-02-28
1093,CCC Information Services Group Inc.,17,2000-02-04,2004-11-26
6288,Worldwide Xceed Group Inc Com New,17,1999-11-12,2000-03-24
5958,"USA Detergents, Inc.",17,1996-07-19,1997-01-31
1178,"Cheap Tickets, Inc.",17,1999-07-02,1999-10-22
5669,"TIMCO Aviation Services, Inc.",17,1999-01-01,1999-07-23
5952,Us Bioenergy,17,2007-10-26,2008-03-28
3367,Liberty Satellite & Technology Inc. Cl A,17,1996-12-06,1997-09-12
1915,"Emerald Oil, Inc.",17,2013-10-18,2014-09-12
6060,Vicinity Corporation,17,2000-03-03,2000-07-28
1035,"Career Horizons, Inc.",17,1996-07-05,1996-11-08
1025,Caraco Pharmaceutical Laboratories Ltd.,17,2007-12-28,2008-08-15
62,Accuride Corp.,17,2007-03-30,2007-07-20
6806,"OptiNose, Inc.",18,2018-06-01,2018-09-28
4927,"Surgalign Holdings, Inc.",18,2008-03-28,2008-09-26
4792,"Register.com, Inc.",18,2000-04-07,2000-08-04
4014,Neurex Corporation,18,1998-04-03,1998-08-14
3357,"Qurate Retail, Inc. Class B",18,2006-05-12,2006-09-29
440,Applica Incorporated,18,1998-03-06,1998-08-21
6289,Worthen Banking Corporation,18,1994-07-01,1995-02-24
2061,Excel Switching Corporation,18,1999-07-02,1999-10-29
5661,"Tickets.com, Inc.",18,1999-12-03,2000-03-31
2643,Hayes Lemmerz International Inc. Cl A,18,2004-07-02,2007-07-20
1862,Eden Bioscience Corp,18,2000-11-03,2001-05-25
756,"Berkshire Realty Company, Inc.",18,1999-07-02,1999-10-29
7143,Immunovant Inc,18,2020-08-28,2020-12-25
1530,Cragin Financial Corporation,18,1993-12-31,1994-05-27
2535,Bay View Capital,18,1998-04-03,1998-07-31
6468,"Entellus Medical, Inc.",18,2017-10-06,2018-03-30
921,BSQUARE Corporation,18,2000-07-07,2000-11-17
3673,Merchants National Corporation,18,1992-01-03,1992-05-01
2109,"FairPoint Communications, Inc.",18,2015-04-03,2017-01-20
3628,"Mechanical Technology, Incorporated",18,2000-01-21,2000-07-21
4627,Production Operators Corp.,18,1997-01-17,1997-06-13
6059,"Brickell Biotech, Inc.",18,2000-01-14,2000-09-29
72,Act Mfg Inc Com,18,2000-07-07,2000-11-03
6739,"Jounce Therapeutics, Inc.",18,2018-01-12,2018-05-11
5252,"Southwest Bancorp, Inc.",18,2016-12-16,2017-10-27
1710,"Digital Impact, Inc.",18,1999-12-03,2000-03-31
7145,GrowGeneration Corp.,18,2020-08-21,2020-12-25
6256,"WilTel Communications Group, Inc.",18,2003-07-04,2003-10-31
1958,"Engage, Inc. (Massachusettes)",18,2000-07-07,2000-11-03
4777,"Red Lion Hotels, Inc.",19,1996-07-05,1996-11-08
5033,"SciQuest, Inc.",19,1999-12-03,2000-04-07
7149,Hyliion Holdings Corp. Class A,19,2020-06-26,2020-11-27
1712,"Digital Island, Inc.",19,2000-07-07,2000-11-10
2886,Inacom Corp.,19,1998-04-24,1999-08-13
6931,"Synthorx, Inc.",19,2019-05-03,2019-12-27
90,ADAC Laboratories,19,1998-02-27,2000-07-07
5989,Value Amer Inc Com,19,1999-07-02,1999-12-03
1071,"Catalyst Pharmaceuticals, Inc.",19,2019-05-03,2020-07-17
4568,Aralez Pharmaceuticals Inc.,19,2003-09-12,2007-07-27
4282,Oshkosh BGosh Inc.,19,2001-11-30,2002-07-05
6654,"Smart Sand, Inc.",19,2016-12-23,2017-05-19
1262,Citizens Bancorp,19,1995-09-15,1996-12-27
6513,First NBC Bank Holding Co.,19,2015-09-25,2016-01-29
3379,"Lifeline Systems, Inc.",19,2005-11-11,2006-03-17
1023,Captaris Inc Com,19,1999-07-09,2000-03-10
6045,Vertro Inc,19,2003-09-12,2005-01-07
7082,"EverQuote, Inc. Class A",19,2020-02-07,2020-07-31
6066,"Village Super Market, Inc. Class A",19,2012-09-14,2013-11-29
6197,West Coast Bancorp (Oregon),20,2006-10-13,2007-04-27
4398,"Pegasus Solutions, Inc.",20,1999-07-02,2000-01-28
1049,Carriage Services Inc.,20,2015-03-27,2020-12-25
4565,Powersoft Corporation,20,1994-07-15,1995-02-10
7114,Open Lending Corporation Class A,20,2020-08-14,2020-12-25
3184,KENETECH Corporation,20,1994-07-01,1995-02-17
894,"Broadbase Software, Inc.",20,2000-07-07,2000-11-17
1773,"Dover Downs Gaming & Entertainment, Inc.",20,2006-03-24,2006-08-04
3499,"Maker Communications, Inc.",20,1999-07-02,2000-03-10
4152,NVE Corporation,20,2018-05-25,2019-03-01
3497,MainStreet Financial Corporation,20,1998-10-23,1999-03-05
3589,"Maybelline, Inc.",20,1994-02-25,1994-09-16
6912,Forty Seven Inc,20,2019-05-03,2020-03-27
5212,"Software.com, Inc.",20,2000-07-07,2000-11-17
7116,GAN Limited,20,2020-05-29,2020-12-25
569,At & T Latin Amer Corp Com,20,2000-09-01,2001-07-06
6612,"Corindus Vascular Robotics, Inc.",20,2019-05-10,2019-09-27
6616,NII Holdings Inc,20,2018-07-27,2019-01-18
3708,Metawave Communications Cp Com,20,2000-07-07,2001-03-09
5438,"SRTI Blockchain Generation, Inc.",20,2000-08-04,2001-01-26
42,Abraxas Petroleum Corporation,20,2011-02-25,2018-05-18
7079,Carter Bank & Trust,20,2019-10-11,2020-02-21
2780,"HotJobs.com, Ltd.",20,2000-07-07,2001-01-26
7016,Tufin Software Technologies Ltd,20,2019-10-04,2020-02-21
2965,Intellisync Corp.,20,2000-07-07,2000-11-17
5337,Starter Corp Com,20,1993-07-02,1993-12-17
6695,"Protagonist Therapeutics, Inc.",20,2020-06-26,2020-12-25
5778,Trinsic Inc.,20,2000-01-07,2000-05-19
470,Arcadia Financial Ltd.,21,1996-07-05,1997-01-24
6990,New Fortress Energy Inc. Class A,21,2020-08-07,2020-12-25
2755,"HomeGrocer.com, Inc.",21,2000-04-07,2000-09-01
6009,"Vastera, Inc.",21,2001-07-06,2002-04-12
2587,H Power Corp.,21,2000-09-01,2001-06-29
3427,"LookSmart, Ltd.",21,2000-07-07,2000-11-24
4852,GTC Biotherapeutics Inc.,21,2000-07-07,2000-12-08
6455,Conformis Inc,21,2015-09-25,2016-04-29
5720,"Trans Financial, Inc.",21,1998-04-03,1998-08-21
5104,Seventy Seven Energy Inc,21,2014-07-04,2014-11-21
1391,Compass Diversified Holdings,21,2007-06-22,2010-06-18
7138,"XPEL, Inc.",21,2020-08-07,2020-12-25
5226,Sonic Solutions,21,2004-12-31,2011-02-11
33,Abex Inc.,21,1992-01-10,1992-06-12
3110,"Jefferson Bankshares, Inc.",21,1997-06-13,1997-10-31
2777,Host Marriott Services Corporation,21,1997-10-03,1999-08-27
3785,Miravant Medical Technologies,21,1997-07-11,2000-02-18
2350,"Furiex Pharmaceuticals, Inc.",21,2014-02-07,2014-06-27
3686,Meridian Resource Corp.,21,1997-11-07,2004-12-03
1407,Comsys It Partners,21,1998-03-06,1999-01-22
418,"Anthem Electronics, Inc.",21,1992-03-13,1993-02-12
4202,"Olympic Steel, Inc.",21,2008-04-04,2008-08-29
3136,"JP Realty, Inc.",21,2002-03-08,2002-07-26
3197,"Keynote Systems, Inc.",21,2000-07-07,2000-11-24
6087,"Vital Images, Inc.",21,2006-12-22,2007-05-11
5089,Sequa Corporation B,21,2007-07-13,2007-11-30
5864,Ultrapetrol (Bahamas) Limited,21,2007-10-05,2008-06-06
4067,Nextwave Wireless Inc.,21,2007-10-05,2008-06-06
2113,Family Golf Centers,22,1998-03-27,1999-01-01
1016,"CapLease, Inc.",22,2013-04-12,2013-09-06
1995,Eott Energy Partners L P Unit Ltd Prtnr,22,2001-05-18,2001-11-16
3193,Key Centurion Bancshares,22,1992-11-06,1993-04-30
7055,"VBI Vaccines, Inc.",22,2020-06-19,2020-12-25
6081,Vistacare A,22,2003-08-08,2004-02-13
127,AEP Industries Inc.,22,2016-08-26,2017-01-20
111,"Advanced Emissions Solutions, Inc.",22,2013-11-29,2014-08-15
1513,Courier Corporation,22,2006-03-24,2007-08-17
2225,FirstFed Michigan Corporation,22,1995-06-02,1995-10-27
1568,CT Communications,22,2000-07-07,2007-08-31
7139,"Fulgent Genetics, Inc.",22,2020-07-31,2020-12-25
6917,"PaySign, Inc. Class B",22,2019-06-07,2019-11-15
6150,Waste Industries Usa,22,2007-10-26,2008-05-02
5885,Unistar Financial Svc Corp Com,22,1999-07-02,1999-11-26
6891,"Pivotal Software, Inc. Class A",22,2019-05-03,2019-09-27
2205,First National Bancorp,22,1995-10-06,1996-03-01
3545,"Marquette Medical Systems, Inc.",22,1993-11-12,1998-11-20
5093,"SEQUUS Pharmaceuticals, Inc.",22,1998-10-16,1999-03-12
2534,Great Financial Corporation,22,1997-09-12,1998-02-06
276,Amcor PLC Shs Chess Depository Interests Repr 1 Sh,22,2019-05-03,2019-09-27
240,Alloy Inc.,22,2001-12-28,2002-11-22
1064,CASI Pharmaceuticals Inc,22,2000-01-21,2000-11-10
5001,"Savannah Foods & Industries, Inc.",22,1992-01-10,1997-12-19
6997,Bluegreen Vacations Corporation,22,2019-05-03,2019-09-27
5544,TCP Capital Corp.,22,2013-10-18,2014-03-21
1500,CORT Business Services Corporation,22,1997-09-12,1998-06-05
6904,"Carbon Black, Inc.",22,2019-05-03,2019-09-27
2335,FrontLine Capital Group,22,2000-07-07,2001-03-09
4497,Pinnacle Finl Svcs Inc Com,22,1997-11-21,1998-04-17
2383,"GelTex Pharmaceuticals, Inc.",22,2000-07-14,2000-12-08
7029,Amerant Bancorp Inc. Class A,22,2019-10-04,2020-02-28
3687,"Merisel, Inc.",22,1993-12-17,1994-06-03
6922,"Contura Energy, Inc.",22,2019-05-03,2019-09-27
6791,Global Medical REIT Inc,22,2019-11-29,2020-12-18
627,Avigen Inc Com,22,2000-07-07,2000-12-01
7078,"Accel Entertainment, Inc. Class A",23,2019-11-22,2020-09-18
5632,Therma-Wave,23,2000-03-03,2000-10-27
5644,"THL Credit, Inc.",23,2013-09-27,2014-02-28
5655,"Thrifty PayLess Holdings, Inc.",23,1996-07-05,1996-12-06
2371,Gartner Inc B,23,1999-07-30,2000-03-31
1926,Employee Solutions,23,1996-10-04,1997-03-07
4602,"Price REIT, Inc.",23,1998-01-16,1998-06-19
1916,Emerge Interactive Inc Com New,23,2000-03-03,2000-09-15
3294,Lante Corporation,23,2000-03-03,2000-08-04
944,Buy.com Inc.,23,2000-03-03,2000-09-15
5807,Tumbleweed Communications Corp.,23,2000-07-07,2000-12-22
5097,"Service Experts, Inc.",23,1998-04-03,1999-01-01
1503,"Cosine Communications, Inc.",23,2000-10-06,2001-03-09
6840,"Arlo Technologies, Inc.",23,2018-10-05,2020-12-25
6832,"Alta Mesa Resources, Inc. Class A",23,2018-06-08,2018-11-09
1355,Colorado National Bankshares,23,1992-12-25,1993-05-28
6869,Solid Biosciences Inc.,23,2018-10-05,2019-11-08
5710,"Town Sports International Holdings, Inc.",23,2007-01-26,2007-07-06
5201,Smurfit-Stone Container,23,2010-12-24,2011-05-27
5235,"SoundView Technology Group, Inc.",23,2000-07-07,2001-02-16
2753,"Homedco Group, Inc.",23,1995-01-20,1995-06-23
3516,Manufacturers National Corporation,24,1992-01-03,1992-06-12
1334,Coherent Communications Systems Corporation,24,1998-02-20,1998-07-31
5439,Sunstone Hotel Investors Inc.,24,1998-01-02,1998-07-03
7083,"Personalis, Inc.",24,2020-07-17,2020-12-25
6752,"Dova Pharmaceuticals, Inc.",24,2018-06-01,2019-09-27
6930,Scholar Rock Holding Corp.,24,2019-05-03,2020-12-25
7080,"ProSight Global, Inc.",24,2019-10-04,2020-03-13
3144,JWP Inc.,24,1992-01-03,1992-06-12
4272,"Orion Group Holdings, Inc.",24,2009-07-24,2010-04-30
1072,"Ontrak, Inc.",24,2020-04-24,2020-12-25
5733,TransMontaigne Inc.,24,2005-07-08,2006-09-01
2023,Eschelon Telecom Inc,24,2007-03-23,2007-08-31
1895,Electrocom Automation Inc.,24,1992-07-03,1993-01-29
4524,"Players International, Inc.",24,1995-03-31,1995-09-08
4434,Pericom Semiconductor Corporation,24,2000-07-07,2001-02-02
2341,Ftd Group,24,2006-11-17,2007-08-31
6497,"Heritage Insurance Holdings, Inc.",24,2015-09-25,2016-12-23
5433,SunPower Class B,25,2008-10-03,2009-03-20
2800,"Hudson Global, Inc.",25,2005-09-02,2007-07-13
3102,James River Group Inc,25,2006-12-08,2007-12-07
3979,NeoPhotonics Corporation,25,2016-03-18,2017-02-17
2827,iBEAM Broadcasting Corporation,25,2000-06-02,2000-11-17
2360,Galen Health Care,25,1993-03-12,1993-08-27
6489,"Sientra, Inc.",25,2018-06-01,2018-11-16
1177,CHC Group Ltd.,25,2014-03-28,2014-10-31
1707,Digimarc Corporation,25,2019-05-03,2020-12-25
1742,DivX Inc.,25,2007-03-23,2007-12-07
1642,DecisionOne Corporation,25,1996-07-05,1997-08-29
4703,"Quantum Effect Devices, Inc.",25,2000-03-03,2000-08-18
1962,"Engineering Animation, Inc.",25,1998-06-05,1999-03-05
815,Bladelogic Inc Com,25,2007-10-05,2008-04-18
4318,Pacific Northwest Bancorp,25,2003-05-09,2003-10-31
4034,New Skies Satellites Holdings Ltd,25,2005-10-07,2006-03-24
3339,Lexent Inc.,25,2000-09-01,2001-02-16
1893,Electro Rent Corporation,25,1998-02-13,2013-11-29
7074,"Zynex, Inc.",25,2020-05-01,2020-10-23
4736,"Rainforest Cafe, Inc.",25,1996-10-04,1998-01-02
4428,"Perclose, Inc.",25,1999-03-12,1999-11-19
4277,Ortel Corporation,25,1999-11-05,2000-04-21
4763,"RCSB Financial, Inc.",25,1997-02-14,1997-10-03
4542,Polymer Group Inc.,25,1996-07-05,2000-02-18
4000,Netro Corporation,25,2000-07-07,2001-01-12
5277,"SpeechWorks International, Inc.",26,2000-09-01,2001-02-23
7171,"Keros Therapeutics, Inc.",26,2020-07-03,2020-12-25
6527,"USA Technologies, Inc.",26,2017-12-22,2018-09-21
5319,"Stamford Industrial Group, Inc.",26,1999-11-12,2000-06-09
5333,Star Telecommunications,26,1998-07-03,1999-12-24
4317,Pacific Gulf Properties Inc.,26,2000-06-23,2000-12-15
5975,"VAALCO Energy, Inc.",26,2006-06-30,2014-09-26
1800,DUET Group,26,2017-05-05,2017-10-27
1906,Elster Group SE Sponsored ADR,26,2011-09-23,2012-03-16
1845,"Eastern Environmental Services, Inc.",26,1998-07-03,1998-12-25
4224,"OnDisplay, Inc.",26,2000-01-07,2000-06-30
4891,"Rockefeller Center Properties, Inc.",26,1992-01-03,1992-06-26
7129,"Bellerophon Therapeutics, Inc.",26,2020-04-03,2020-09-25
4443,"PETCO Animal Supplies, Inc.",26,1997-06-06,1998-01-30
4551,"PortalPlayer, Inc.",26,2005-10-07,2006-04-14
6273,Wj Communications Inc Com,26,2000-09-01,2001-05-18
6153,"WatchGuard Technologies, Inc.",26,2000-07-07,2000-12-29
975,Caldor Corp Com,26,1993-10-01,1994-09-30
4365,"ParkerVision, Inc.",26,2000-06-23,2013-10-18
2834,Ico Global Comm Hldgs Ord,26,1999-07-02,1999-12-24
7181,Carrier Global Corp.,26,2020-07-03,2020-12-25
7169,"Vroom, Inc.",26,2020-07-03,2020-12-25
7167,ADC Therapeutics Ltd,26,2020-07-03,2020-12-25
7182,"Shift4 Payments, Inc. Class A",26,2020-07-03,2020-12-25
7185,Arconic Corp.,26,2020-07-03,2020-12-25
7184,"Inari Medical, Inc.",26,2020-07-03,2020-12-25
7183,"ZoomInfo Technologies, Inc. Class A",26,2020-07-03,2020-12-25
343,American Television & Comunications Corp.,26,1992-01-03,1992-06-26
5214,Solar Capital Ltd.,26,2013-09-27,2014-03-21
5014,Schiff Nutrition International Inc. Shs -A-,26,2012-06-08,2012-12-14
7100,BioNTech SE Sponsored ADR,26,2020-01-03,2020-06-26
1673,Designer Holdings Ltd.,26,1996-07-05,1997-01-10
7179,SelectQuote Inc,26,2020-07-03,2020-12-25
2579,"Gulf South Medical Supply, Inc.",26,1996-07-05,1998-03-20
2464,"Gleacher & Company, Inc.",26,2009-09-25,2010-04-30
7180,Otis Worldwide Corporation,26,2020-07-03,2020-12-25
5714,"TPG Specialty Lending, Inc.",26,2014-06-27,2014-12-19
3657,Medley Capital Corporation,26,2013-09-27,2014-03-21
2359,"Gaia, Inc. Class A",26,2007-08-31,2008-03-07
1510,"Coulter Pharmaceutical, Inc.",26,1998-12-04,2000-12-08
850,Bone Care International Inc.,26,2004-12-10,2005-06-24
7176,"Match Group, Inc.",26,2020-07-03,2020-12-25
7175,"Applied Molecular Transport, Inc.",26,2020-07-03,2020-12-25
7174,IAC/InteractiveCorp.,26,2020-07-03,2020-12-25
5401,Student Ln Marketing Assn Com Conv Vtg,26,1992-01-03,1992-06-26
7188,ORIC Pharmaceuticals Inc,26,2020-07-03,2020-12-25
7170,"Pliant Therapeutics, Inc.",26,2020-07-03,2020-12-25
7177,Warner Music Group Corp. Class A,26,2020-07-03,2020-12-25
7172,"Zentalis Pharmaceuticals, Inc.",26,2020-07-03,2020-12-25
3778,"Mindspeed Technologies, Inc.",27,2003-11-07,2004-05-28
5467,Swisher Hygiene Inc.,27,2011-09-23,2012-03-23
4016,Neurogen Corp,27,2000-02-18,2001-02-16
5269,"Spectra Physics, Inc.",27,2000-07-07,2001-02-02
4264,Oregon Metallurgical Corporation,27,1996-10-04,1998-03-20
3158,Kaneb Services LLC,27,2004-11-26,2005-06-24
7000,Hudson Ltd. Class A,27,2019-05-03,2020-01-24
4267,"Organic, Inc.",27,2000-03-03,2000-09-01
3249,Kramont Realty Trust,27,2004-02-27,2005-04-29
1013,Capitol American Financial Corporation,27,1996-08-30,1997-02-28
6316,"Xomed Surgical Products, Inc.",27,1999-04-30,1999-11-05
6298,Wyndham Hotel Corporation,27,1997-07-04,1998-01-02
6972,Camtek Ltd,27,2020-01-24,2020-12-25
4112,"Northwest Biotherapeutics, Inc.",27,2015-03-13,2015-10-02
4779,"Red Roof Inns, Inc.",27,1997-07-11,1999-08-27
4717,Quintus Corporation,27,1999-12-03,2000-08-25
1258,"CitFed Bancorp, Inc.",27,1997-12-12,1998-06-19
2196,First Indiana,27,2005-11-04,2007-12-28
1155,CFX Corporation,27,1997-10-03,1998-04-03
7103,BRP Group Inc Class A,27,2020-06-26,2020-12-25
3014,International Fibercom Inc Com,27,2000-02-18,2000-09-22
7034,Workhorse Group Inc.,27,2020-06-26,2020-12-25
5455,"Support.com, Inc.",27,2000-08-04,2004-04-02
826,"Blue Martini Software, Inc.",27,2000-08-04,2001-02-09
6089,"Immunic, Inc.",28,2014-12-19,2015-07-17
7038,Navigator Holdings Ltd.,28,2019-10-04,2020-09-18
3004,Interwave Communctns Intl L Shs New,28,2000-02-04,2000-09-08
4289,"OTG Software, Inc.",28,2000-04-07,2000-11-17
3481,Magellan Midstream Hldgs Lp Com Lp Ints,28,2006-03-24,2006-09-29
5721,"Trans World Airlines, Inc.",28,1996-07-05,1998-07-17
5745,Travelzoo,28,2006-04-21,2011-10-28
3509,"Mannatech, Incorporated",28,2004-11-12,2006-10-13
5684,"TJ International, Inc.",28,1994-01-07,2000-01-28
5123,Shorewood Packaging Corporation,28,1998-12-25,2000-03-31
6723,"Net 1 UEPS Technologies, Inc.",28,2018-01-05,2018-08-10
2290,Forward Pharma A/S Sponsored ADR,28,2017-03-03,2017-09-08
3915,National Community Banks Inc.,28,1993-01-29,1993-08-06
6842,"Exela Technologies, Inc.",28,2018-10-05,2019-04-19
5476,Symbion Inc.,28,2005-05-06,2006-09-08
723,"Be Free, Inc.",28,1999-12-03,2000-07-07
5571,Telebanc Financial Corporation,28,1999-07-02,2000-01-07
4475,"Phoenix Investment Partners, Ltd.",28,2000-07-07,2001-01-26
75,Acterna Corp.,28,2001-07-06,2002-01-11
3115,JNI Corporation,29,2000-07-07,2001-01-26
2785,Houston American Energy Corp.,29,2010-11-19,2011-11-04
7088,"RAPT Therapeutics, Inc.",29,2020-01-03,2020-12-04
5305,"Spyglass, Inc.",29,1999-12-31,2000-07-21
3847,"MotivePower Industries, Inc.",29,1998-07-10,1999-07-09
7125,Viper Energy Partners LP,29,2020-04-10,2020-12-25
3519,MAP Pharmaceuticals Inc.,29,2010-12-31,2013-03-01
6227,"Wetterau, Inc.",29,1992-01-03,1992-10-30
1881,"Egghead.com, Inc.",29,1998-11-20,2000-01-14
6115,"Vyyo, Inc.",29,2000-05-05,2000-11-24
7051,OneSpaWorld Holdings Ltd.,29,2019-10-04,2020-12-25
1106,CEL-SCI Corporation,29,2020-01-24,2020-12-25
1734,"Discovery Zone, Inc.",29,1994-07-08,1995-04-14
6932,"GreenSky, Inc. Class A",29,2019-05-03,2020-02-28
927,Budget Group Inc.,29,1998-07-03,1999-06-04
3408,Live Microsystems Inc,29,1997-10-10,2000-12-01
159,"Agribrands International, Inc.",29,1999-08-27,2001-04-27
2025,Esmark,29,2004-12-03,2008-08-01
2947,Integon Corporation,29,1993-01-22,1993-08-13
2162,"Firepond, Inc.",30,2000-03-03,2000-09-22
3453,"Luminent, Inc.",30,2000-12-01,2001-06-29
3985,"Net2Phone, Inc.",30,2000-07-07,2001-06-15
1727,Direct General Corporation,30,2004-07-02,2005-01-21
1279,Clarent Corporation,30,2000-07-07,2001-02-16
3758,Midas Inc.,30,1998-11-06,1999-06-04
2436,GeoGlobal Resources Inc.,30,2005-12-02,2006-12-29
3008,"Intevac, Inc.",30,2006-03-24,2007-04-27
7166,UTZ Brands Inc Class A,30,2020-06-05,2020-12-25
3088,IXYS Corporation,30,2017-06-09,2017-12-29
367,Amicas,30,1999-07-02,2000-03-31
7036,"Prevail Therapeutics, Inc.",30,2019-12-06,2020-12-25
3058,"IPC Communications, Inc.",30,1999-07-09,2000-06-09
4872,"RightCHOICE Managed Care, Inc.",30,2001-07-06,2002-01-25
5907,United National Bancorp,30,2003-06-06,2003-12-26
1747,Dolan Company,30,2007-10-05,2008-08-01
1768,Dot Hill Systems Corp.,30,2003-07-11,2015-10-02
5057,"Sears Hometown & Outlet Stores, Inc.",30,2013-09-27,2014-05-30
4538,"Point Blank Solutions, Inc.",30,2004-07-02,2005-03-11
4547,Pool Energy Services Co.,30,1997-08-08,1999-11-19
2075,ExOne Co.,30,2013-09-27,2014-07-11
2095,"F & M Bancorporation, Inc.",30,1999-04-09,1999-10-29
3002,InterVoice Inc.,30,1999-11-19,2004-04-23
4448,Petrolite Corporation,30,1996-12-06,1997-06-27
6956,CURO Group Holdings Corp.,30,2019-05-03,2020-12-25
4444,"Petersen Companies, Inc.",31,1998-07-03,1999-01-29
6430,ProQR Therapeutics N.V.,31,2018-09-07,2019-04-12
5960,"USCS International, Inc.",31,1997-07-04,1998-12-18
6049,VIA Net.Works Inc.,31,2000-03-03,2000-09-29
331,American Realty Capital Trust Inc,31,2012-06-22,2013-01-18
1221,Choice One Communications Inc.,31,2000-03-03,2001-02-16
7040,Watford Holdings Ltd.,31,2019-10-04,2020-12-25
6961,"Mersana Therapeutics, Inc.",31,2020-05-29,2020-12-25
170,AirNet Communications Corporation,31,2000-01-07,2000-09-29
7109,SiTime Corporation,31,2020-05-22,2020-12-25
4090,"Nord Anglia Education, Inc.",31,2017-03-03,2017-09-29
2186,First Federal Capital Corp.,31,2004-01-02,2004-10-29
6623,Patheon NV,31,2017-03-03,2017-09-29
5761,"Triangle Pharmaceuticals, Inc.",31,1999-07-30,2000-03-31
5036,"Scopus Technology, Inc.",31,1996-12-06,1997-09-05
3584,"Maxwell Technologies, Inc.",31,2009-10-16,2014-06-13
5796,Trump Entertainment Resorts Inc.,31,2006-10-13,2007-06-01
6353,Zipcar Inc.,31,2011-09-23,2012-04-20
2804,Hudson Valley Holding Corp.,31,2014-11-07,2015-06-26
3028,Intraware Inc Com New,31,1999-07-02,2000-04-07
4507,Piper Jaffray Cos.,32,1997-09-26,1998-05-29
6520,"Old Line Bancshares, Inc.",32,2018-04-20,2019-09-20
4353,PAR Technology Corporation,32,2019-12-20,2020-12-25
6042,"Versata, Inc.",32,2000-04-07,2000-11-10
1686,"Diagnostek, Inc.",32,1992-01-03,1995-04-14
7140,Nikola Corporation,32,2020-05-15,2020-12-18
7121,"Applied Therapeutics, Inc.",32,2020-04-03,2020-12-25
7077,"International Money Express, Inc.",32,2019-10-04,2020-12-25
7165,"Celsius Holdings, Inc.",32,2020-05-22,2020-12-25
7124,"Morphic Holding, Inc.",32,2020-05-22,2020-12-25
5531,"Target Therapeutics, Inc.",32,1996-07-05,1997-04-04
1293,Clinical Data In,32,2009-10-16,2011-04-08
3003,InterVU Inc.,33,1999-07-02,2000-04-14
4510,Pittston Co.,33,1997-05-02,1998-02-13
2026,"Esperion Therapeutics, Inc.",33,2003-06-27,2004-02-27
2762,Hooker Furniture Corporation,33,2017-04-28,2018-08-24
5267,"Specialty Laboratories, Inc.",33,2001-07-06,2002-03-29
3922,"National Golf Properties, Inc.",33,1999-07-02,2001-08-10
3982,Nerco Inc.,33,1992-01-03,1992-11-06
600,Aurora Foods Inc.,33,1999-07-02,2000-02-11
561,"AstroPower, Inc.",33,2001-07-06,2002-05-03
3761,Exabyte Corp,33,1992-01-03,1992-08-14
1265,"Citizens, Inc. Class A",33,2012-01-27,2017-01-13
6867,"KLX Energy Services Holdings, Inc.",33,2018-10-05,2019-05-24
464,"Aratana Therapeutics, Inc.",33,2014-12-19,2015-09-18
2147,Fieldstone Investment Corp.,33,2005-10-07,2006-06-16
3541,"MarketWatch, Inc.",33,1999-07-02,2000-03-24
588,"Atlas Pipeline Partners, L.P.",33,2006-01-06,2006-09-29
6590,Syndax Pharmaceuticals Inc,33,2020-05-01,2020-12-25
2651,"HCI Group, Inc.",33,2013-10-25,2017-03-03
5759,Triangle Pacific Corp.,33,1997-09-05,1998-07-31
7090,Oyster Point Pharma Inc,33,2020-01-03,2020-10-09
455,Apw Ltd Com,33,2000-08-04,2001-03-16
192,"Arcturus Therapeutics Holdings, Inc.",33,2020-05-01,2020-12-25
3386,"Lilly Industries, Inc.",33,1997-07-25,2000-12-29
899,"Broadway Stores, Inc.",33,1993-08-27,1994-11-18
2220,Firstbank of Illinois Co.,34,1997-10-03,1998-06-26
1569,CTC Communications Group Inc.,34,1999-12-31,2000-10-06
6899,"Vapotherm, Inc.",34,2020-05-08,2020-12-25
2269,Force Protection,34,2007-06-22,2009-06-26
829,Bluegreen Corp.,34,2004-12-17,2006-01-27
68,"ACLARA BioSciences, Inc.",34,2000-04-07,2001-01-26
6824,"Sterling Bancorp, Inc.",34,2018-06-08,2019-04-19
5092,"Sequential Brands Group, Inc.",34,2015-04-10,2016-10-14
1509,Cougar Biotechnology,34,2008-10-03,2009-06-26
5512,"Takecare, Inc.",34,1993-01-29,1994-06-24
4704,"Quantum Health Resources, Inc.",34,1994-01-28,1994-12-16
4747,Raser Technologies Inc.,34,2007-10-05,2008-08-08
6984,"SI-BONE, Inc.",34,2019-12-20,2020-12-25
1799,Ducommun Incorporated,34,2019-03-01,2020-12-25
6142,Washington Energy Company,34,1993-01-29,1997-02-07
3175,Keithley Instruments,34,2000-07-07,2001-05-18
6367,Zygo Corporation,34,2000-07-07,2001-05-25
486,AremisSoft Corporation,34,2000-09-15,2001-07-20
6441,NeuroDerm Ltd.,35,2017-03-03,2017-10-27
6129,"Walden Residential Properties, Inc.",35,1999-07-02,2000-02-25
6318,Xpedior Incorporated,35,2000-01-07,2000-09-01
6296,Wyle Electronics,35,1995-09-08,1997-08-29
6372,Bellicum Pharmaceuticals Inc,35,2015-03-27,2016-12-02
6758,"Daseke, Inc.",35,2018-01-05,2018-09-28
5510,Tahoe Resources Inc.,35,2017-03-03,2017-10-27
3905,"NAPCO Security Technologies, Inc.",35,2019-05-10,2020-12-18
4601,Price Legacy Corporation,35,1997-07-04,2004-12-31
4514,Placer Sierra Bancshares,35,2006-10-06,2007-06-01
2856,"Ignyta, Inc.",35,2015-09-18,2018-02-02
2756,"HomeSide, Inc.",35,1997-07-04,1998-02-27
6221,Westmoreland Coal Company,35,2014-06-13,2015-04-17
471,Arcadian Corporation,35,1996-07-05,1997-02-28
1112,"Cell Pathways, Inc.",36,2000-01-21,2000-09-22
6686,"SendGrid, Inc.",36,2018-06-01,2019-02-01
706,"Bassett Furniture Industries, Inc.",36,1993-01-01,1994-01-14
1464,Convera Corp. Class A,36,2000-03-03,2005-12-16
5207,Soapstone Networks Inc.,36,2000-09-01,2001-05-25
1548,"Critical Care America, Inc.",36,1992-01-03,1992-09-04
5659,Ticketmaster Entertainment,36,2008-08-22,2010-01-22
6571,"BATS Global Markets, Inc.",36,2016-06-24,2017-02-24
4054,Newpower Holdings,36,2000-11-03,2001-07-06
2064,Exchange Applications Com New,36,1999-11-19,2000-09-15
2193,"First Florida Banks, Inc.",36,1992-04-17,1992-12-25
4987,Santa Fe Pacific Pipeline Partners,36,1997-07-04,1998-03-06
5600,"Terra Nitrogen Company, L.P.",36,1997-07-04,1998-04-17
1290,"Click Commerce, Inc.",36,2000-08-04,2001-05-25
1249,Circle K Corporation,36,1995-09-01,1996-05-24
6416,Adaptimmune Therapeutics PLC Sponsored ADR,36,2017-04-28,2018-03-30
2718,Hi / Fn Inc Com,36,1999-07-02,2000-11-03
872,"Bradley Real Estate, Inc.",36,1998-04-17,2000-09-29
321,American Medical Security,36,1997-05-09,1998-06-12
4771,Realogy Corporation,36,2006-08-04,2007-04-06
4218,On Command Corporation,36,1999-06-25,2000-06-02
4900,Rohr Inc.,36,1997-01-03,1997-12-19
7069,"CrossFirst Bankshares, Inc.",36,2019-10-04,2020-12-25
460,"Aquila Merchant Services, Inc.",36,2001-05-04,2002-01-04
392,"Anaren, Inc.",36,2000-07-07,2001-08-03
2818,Hypercom Corp,36,2006-05-05,2011-08-05
6346,DASAN Zhone Solutions Inc.,36,2001-06-01,2004-01-16
2013,Equity Corporation International,36,1997-07-04,1999-01-15
4531,PMA Capital Cp A,36,2002-01-04,2002-09-06
7128,Madison Square Garden Entertainment Corp Class A,36,2020-04-24,2020-12-25
4825,"Republic First Bancorp, Inc.",37,2016-12-23,2018-06-08
4943,"Rykoff-Sexton, Inc.",37,1997-03-14,1997-12-19
4244,"Oplink Communications, Inc.",37,2000-11-03,2011-03-04
3572,Mattersight Corporation,37,2000-02-18,2001-02-09
6286,"WorldGate Communications, Inc.",37,1999-07-02,2000-09-22
3143,"Justin Industries, Inc.",37,1993-01-22,2000-07-28
4937,Rust International Inc.,37,1992-01-17,1994-06-24
7154,"BioXcel Therapeutics, Inc.",37,2020-04-17,2020-12-25
1635,"DBT Online, Inc.",37,1997-09-19,1999-09-17
4205,Omega Protein Corporation,37,2015-11-20,2017-10-13
1717,"DigitalThink, Inc.",37,2000-04-07,2001-07-27
1270,City Bank,37,2006-07-28,2007-07-06
2497,Gold Resource Corporation,37,2012-09-28,2013-06-21
3533,"Mariner Post-Acute Network, Inc.",37,1998-01-02,1998-09-11
2489,GMH Communities Trust,37,2005-12-02,2006-12-08
221,"Alliance HealthCare Services, Inc.",37,2002-07-05,2008-10-03
3866,MTC Technologies Inc,37,2004-12-10,2005-11-25
3796,MModal Inc.,37,2011-12-02,2012-08-10
900,"Broadwind Energy, Inc.",37,2009-06-26,2010-03-05
3416,LodgeNet Interactive Corp.,37,2007-01-26,2007-10-26
4592,President Casinos Inc Com New,37,1993-07-02,1994-03-25
4671,Purchasepro Com Com New,37,2000-07-07,2001-03-16
1829,"E2open, Inc.",38,2013-09-27,2014-07-11
4250,Optical Communication Prods Cl A,38,2000-12-01,2001-08-17
4382,Payless Cashways Inc Com Par $0.01,38,1993-11-05,1994-07-22
442,"Applied Energetics, Inc.",38,2005-10-07,2006-08-04
4938,Rutherford-Moran Oil Corporation,38,1997-07-04,1998-07-03
6934,"Funko, Inc. Class A",38,2019-05-03,2020-01-31
7120,DraftKings Inc Class A,38,2020-04-10,2020-12-25
7158,Compugen Ltd.,38,2020-04-10,2020-12-25
6451,Paratek Pharmaceuticals Inc,38,2017-04-07,2018-01-05
3146,K&F Industries Holdings Inc.,38,2006-10-06,2007-06-22
3419,"Logicon, Inc.",38,1996-10-04,1997-08-01
4029,New Mountain Finance Corporation,38,2013-07-05,2014-03-21
5153,"Silknet Software, Inc.",38,1999-07-02,2000-04-14
1634,Dawson Geophysical Company,38,2007-08-24,2008-06-20
2972,"InterCept, Inc.",38,2001-06-29,2002-05-03
1983,Enterra Corporation,38,1994-10-07,1995-09-29
3204,KEYW Holding Corporation,38,2013-03-15,2019-04-26
148,AGENCY.COM Ltd.,38,2000-01-07,2000-09-29
1878,"Efficient Networks, Inc.",39,2000-07-07,2001-03-30
4762,RCS Capital Corp. Class A,39,2014-09-26,2015-06-19
7122,Sprout Social Inc Class A,39,2020-04-03,2020-12-25
1774,"Dover Motorsports, Inc.",39,2000-07-07,2002-03-29
4307,Pac-West Telecom Inc Com,39,1999-12-03,2000-09-08
22,AAIPharma Inc.,39,2002-02-01,2004-02-20
48,ACC Corp.,39,1997-07-11,1998-04-17
4374,"Patriot American Hospitality, Inc.",39,1996-10-04,1997-06-27
4834,"Resource America, Inc. Class A",39,1998-07-03,2005-06-24
2214,"First Sentinel Bancorp, Inc.",39,2003-10-03,2004-07-09
7127,Vertiv Holdings Co. Class A,39,2020-04-03,2020-12-25
2120,FBR Asset Investment Corporation,39,2002-07-05,2003-03-28
7131,"Beam Therapeutics, Inc.",39,2020-04-03,2020-12-25
7133,"Phathom Pharmaceuticals, Inc.",39,2020-04-03,2020-12-25
7162,Churchill Capital Corp II Class A,39,2020-04-03,2020-12-25
7144,"Passage Bio, Inc.",39,2020-04-03,2020-12-25
6923,GasLog Partners LP,39,2019-05-03,2020-01-24
7113,"PPD, Inc.",39,2020-04-03,2020-12-25
7112,Freedom Holding Corp.,39,2020-04-03,2020-12-25
5106,"LiveStyle, Inc.",39,2013-12-27,2014-09-19
7119,"Vir Biotechnology, Inc.",39,2020-04-03,2020-12-25
7153,Reynolds Consumer Products Inc,39,2020-04-03,2020-12-25
7156,Fisker Inc Class A,39,2020-04-03,2020-12-25
7161,Carlyle Group Inc,39,2020-04-03,2020-12-25
7148,"Tradeweb Markets, Inc. Class A",39,2020-04-03,2020-12-25
7160,AdaptHealth Corp. Class A,39,2020-04-03,2020-12-25
7147,Arcutis Biotherapeutics Inc,39,2020-04-03,2020-12-25
5804,Tucker Anthony Sutro,39,2000-08-18,2001-10-26
5601,Terra Nova Bermuda Hldgs Lt Ord Cl A,39,1999-07-02,2000-03-24
2405,"General Moly, Inc.",39,2007-10-26,2011-04-08
7157,"Viela Bio, Inc.",39,2020-04-03,2020-12-25
2394,"General Cigar Holdings, Inc.",39,1997-07-04,1998-03-27
5660,"Ticketmaster Group, Inc.",39,1997-09-26,1998-06-19
5934,"Universal Outdoor Holdings, Inc.",39,1997-07-04,1998-03-27
6601,MDC Partners Inc. Class A,39,2017-03-24,2018-02-23
7150,"Bill.com Holdings, Inc.",39,2020-04-03,2020-12-25
7152,"1Life Healthcare, Inc.",39,2020-04-03,2020-12-25
7134,"Schrodinger, Inc.",39,2020-04-03,2020-12-25
7142,"Constellation Pharmaceuticals, Inc.",39,2020-04-03,2020-12-25
7141,"Black Diamond Therapeutics, Inc.",39,2020-04-03,2020-12-25
7136,"Revolution Medicines, Inc.",39,2020-04-03,2020-12-25
5812,Turnstone Systems Inc.,39,2000-03-03,2001-01-12
1115,"Cellular Communications International, Inc.",39,1998-07-03,1999-03-26
556,"Asta Funding, Inc.",40,2006-05-05,2007-11-30
790,Biopure Corp. Class A,40,2000-07-07,2001-10-26
3980,Neose Technologies Inc Com,40,2000-03-03,2002-01-04
3957,"NBC Internet, Inc.",40,1999-12-03,2000-09-08
622,"AVEO Pharmaceuticals, Inc.",40,2011-09-23,2012-07-27
5176,Genesis Healthcare Inc Class A,40,2008-07-11,2015-09-18
1363,"Com21, Inc.",40,1999-01-08,2000-07-14
6721,"Abeona Therapeutics, Inc.",40,2018-01-05,2018-10-05
2292,L. B. Foster Company,40,2007-10-05,2015-02-27
1052,Carrols Restaurant Group Inc,40,2016-03-04,2018-10-12
6304,Xcelera Inc Com,40,2000-07-07,2001-06-08
1080,"CB Richard Ellis Services, Inc.",40,1997-10-10,1998-10-23
5894,United Community Financial Corp.,40,2018-03-16,2019-12-27
1053,Carson Pirie Scott & Co.,40,1997-03-14,1998-01-30
6454,"Otonomy, Inc.",40,2015-09-25,2017-08-25
2374,GasLog Ltd.,40,2019-05-03,2020-01-31
2442,"Geotek Communications, Inc.",40,1994-07-29,1996-10-11
4263,Ore Holdings Inc.,40,2000-07-07,2002-03-29
7035,"Vivint Smart Home, Inc. Class A",40,2020-01-17,2020-12-25
4127,NOVT Corporation,40,2000-02-18,2001-03-09
7005,"NextCure, Inc.",40,2019-10-04,2020-07-03
523,"Artisan Components, Inc.",40,2003-06-20,2004-12-24
5019,"Schuler Residential, Inc.",40,1993-10-01,2002-02-15
3867,Mti Technology Corp Com,40,1999-07-09,2000-05-19
599,Aurora Biosciences Corporation,40,2000-07-07,2001-07-13
5428,"SunEdison Semiconductor, Inc.",41,2014-12-26,2016-12-02
5278,"SpeedFam-IPEC, Inc.",41,1997-07-04,2000-09-01
1476,Coram Healthcare Corp.,41,1994-10-07,1995-07-21
5266,"Specialty Equipment Companies, Inc.",41,1999-01-08,2000-11-24
6626,"AdvancePierre Foods Holdings, Inc.",41,2016-09-23,2017-06-30
5457,SureWest Communications,41,2002-07-05,2004-01-23
3394,"Lincoln Electric Holdings, Inc.",41,1997-07-11,1998-05-29
5075,"Determine, Inc.",41,2000-04-07,2001-01-12
5222,"Somera Communications, Inc.",41,1999-12-03,2001-01-26
3605,KeyBanc Capital Markets,41,1997-09-26,1998-10-23
835,"Boardwalk Pipeline Partners, LP",41,2005-12-23,2006-09-29
233,Allied Riser Communications Corporation,41,1999-11-05,2000-08-11
6330,York Water Company,41,2016-12-09,2020-12-25
2721,High Speed Access Corp.,41,1999-07-02,2000-04-07
4246,Opnext Inc.,41,2007-03-23,2007-12-28
4089,Noranda Aluminum Holding Corporation,41,2011-09-23,2012-09-14
6277,Woodbridge Holdings Corp.,41,2004-07-02,2005-08-19
4413,"Penson Worldwide, Inc.",41,2006-10-27,2007-10-12
2056,"Exacttarget, Inc.",41,2012-09-28,2013-07-05
4793,Regulus Therapeutics Inc.,41,2014-10-24,2015-12-25
1484,"CorEnergy Infrastructure Trust, Inc.",41,2019-05-10,2020-02-21
3781,Mips Technologies Inc Cl B,42,2000-06-23,2001-04-13
2380,Gaylord Container Corporation,42,1995-02-17,1998-05-08
5688,"TNP Enterprises, Inc.",42,1998-11-13,2000-04-28
4170,"Objective Systems Integrators, Inc.",42,1996-07-05,2001-01-26
1428,"Connecticut Bancshares, Inc.",42,2003-07-18,2004-04-30
6779,"Scorpio Bulkers, Inc.",42,2019-09-13,2020-12-25
1562,Crystal River Capital,42,2006-10-06,2007-07-20
6703,Dorian LPG Ltd.,42,2019-07-05,2020-12-25
5469,SWK Holdings Corporation,42,2000-04-21,2001-02-02
5687,TMS International Corp. Class A,42,2012-12-21,2013-10-11
2873,"Immune Pharmaceuticals, Inc.",42,2000-02-18,2000-12-08
5829,USB Holding,42,2004-10-01,2007-10-12
6071,"Virginia Commerce Bancorp, Inc.",42,2006-02-24,2014-01-31
2598,"Halter Marine Group, Inc.",42,1997-07-11,1998-07-17
2578,"Gulf Island Fabrication, Inc.",42,2006-12-01,2011-04-29
1823,E.Spire Communications,42,1998-07-03,2000-03-24
2955,"IES Holdings, Inc.",42,1998-07-17,2020-12-25
2797,Hubbell Incorporated Class A,42,1997-07-11,1998-06-19
333,American Retirement Corporation,42,2005-10-07,2006-07-21
2992,International Steel Group Inc.,42,2004-07-02,2005-04-15
3071,Isilon Systems,43,2010-02-12,2010-12-17
6265,Winthrop Realty Trust,43,2014-05-02,2015-11-20
6360,"Zomax, Inc.",43,1999-10-08,2000-09-15
1921,"Emisphere Technologies, Inc.",43,2000-01-14,2002-01-11
4889,"Rock Creek Pharmaceuticals, Inc.",43,2009-04-17,2012-09-28
6981,Crinetics Pharmaceuticals Inc,43,2019-05-03,2020-10-16
5180,Skyterra Communications Inc Com New,43,1999-10-29,2000-08-18
5311,"SSA Global Technologies, Inc.",43,2005-10-07,2006-07-28
5694,"TomoTherapy, Inc.",43,2007-06-22,2008-04-11
3774,"Miller Industries, Inc.",43,1996-10-04,1998-01-23
5766,"Trico Marine Services, Inc.",43,1997-09-12,2001-05-25
2490,Thunderbird Resources Equity Inc.,43,2006-12-01,2009-01-02
3528,"Marimba, Inc.",43,1999-07-02,2000-04-21
5657,Oxford Square Capital Corp.,43,2013-04-26,2014-03-21
6423,"Barnes & Noble Education, Inc.",43,2015-08-14,2017-06-23
2717,"Hi-Tech Pharmacal Co., Inc.",43,2011-12-02,2014-04-11
4268,Organogenesis Inc.,44,1997-09-26,2000-09-15
6765,"NCS Multistage Holdings, Inc.",44,2018-01-05,2018-11-02
3917,"National Discount Brokers Group, Inc.",44,1999-07-02,2000-11-24
3918,National Education Corporation,44,1996-07-05,1997-06-27
776,BindView Development Corporation,44,1999-07-02,2001-01-19
282,American Italian Pasta A,44,2009-09-25,2010-07-23
3767,Midwest Banc,44,2006-01-27,2007-02-23
1271,Cityscape Financial Corp.,44,1996-07-05,1997-07-11
4800,RELTEC Corporation,44,1998-07-03,1999-04-30
4672,Pure Atria Corporation,44,1996-07-05,1997-07-25
4008,Network Equipment Technologies Inc.,44,1995-07-21,1996-06-14
6971,"Retail Value, Inc.",44,2019-05-03,2020-02-28
4295,"Millendo Therapeutics, Inc.",44,2014-11-07,2015-09-18
2826,iBasis Inc.,44,1999-12-03,2000-09-29
2759,"HomeTrust Bancshares, Inc.",44,2017-11-03,2019-03-01
6169,Pulte Homes Inc.,44,1998-02-20,2001-07-27
2888,INB Financial Corporation,44,1992-01-03,1992-10-30
3417,Loews Cineplex Entertainment Corporation,44,1998-10-23,1999-08-20
5713,TPC Group Inc.,45,2012-01-27,2012-12-07
5782,"Tritel, Inc.",45,2000-01-07,2000-11-10
5198,"Smiths Food & Drug Centers, Inc.",45,1992-01-03,1997-09-05
566,"@Road, Inc.",45,2003-06-20,2004-06-04
6699,BBX Capital Corporation Class A,45,2018-01-05,2019-04-05
6726,"Banco Latinoamericano de Comercio Exterior, S.A. Class E",45,2019-05-03,2020-03-06
2575,Guilford Mills Inc.,45,1997-09-05,1998-07-17
6334,"Zafgen, Inc.",45,2014-11-28,2015-10-09
5980,"Valence Technology, Inc.",45,1999-12-24,2000-11-24
3393,Lincoln Educational Services Corporation,45,2009-09-25,2010-07-30
5533,Tarragon,45,2005-02-25,2006-05-05
5389,"STR Holdings, Inc.",45,2010-09-24,2011-07-29
4929,"Rubicon Technology, Inc.",45,2010-04-16,2011-06-10
4960,"Saga Systems, Inc.",45,1998-07-03,2000-05-05
6958,Autolus Therapeutics Plc Sponsored ADR,46,2019-05-03,2020-06-26
4907,Rosetta Stone Inc.,46,2010-03-12,2020-09-25
6285,WorldCom Inc.,46,2001-06-08,2002-04-19
7076,"ACM Research, Inc. Class A",46,2020-01-17,2020-12-25
5132,"Sierra On-Line, Inc.",46,1995-07-14,1996-07-19
79,"P10 Industries, Inc.",46,2000-09-01,2001-07-13
2303,"FPA Medical Management, Inc.",46,1997-01-31,1998-04-24
5654,"Molecular Templates, Inc.",46,2005-11-25,2020-10-16
5309,"SS&C Technologies, Inc.",46,2004-10-22,2005-11-18
256,Alterra Healthcare Corporation,46,1998-01-02,1999-04-23
5383,Stonegate Bank,46,2016-11-18,2017-09-29
3977,Globix Corporation,46,1999-12-10,2000-10-20
1411,Comverse Technology Inc.,46,2012-03-23,2013-02-01
6967,AVROBIO Inc,47,2019-07-19,2020-11-13
4077,Niku Corporation,47,2000-04-07,2001-02-23
601,"Auspex Pharmaceuticals, Inc.",47,2014-03-28,2015-05-01
5692,Tollgrade Communications,47,2000-02-25,2001-05-25
2549,"Greenfield Industries, Inc.",47,1995-08-18,1997-11-28
5653,Three-Five Systems,47,2000-01-14,2001-02-02
6625,"Ardelyx, Inc.",47,2016-09-23,2020-03-06
2576,Guilford Pharmaceuticals Inc.,47,1997-08-22,2001-07-20
1340,Cole National Corporation,47,1997-06-20,1998-07-31
761,"BET Holdings, Inc.",47,1997-09-12,1998-07-31
1399,Computer Network Technology Corporation,47,1999-05-21,2002-02-08
2156,"Financial Institutions, Inc.",47,2017-02-24,2020-01-17
2163,First Acceptance Corporation,47,2006-01-27,2007-04-06
514,Arrow Financial Corporation,47,2016-11-11,2019-03-15
1573,CU Bancorp,47,2016-12-09,2017-10-27
2768,Horizon Offshore,47,2006-10-13,2007-12-07
2766,Horizon Group Inc.,47,1995-07-21,1996-06-28
7087,"Frequency Therapeutics, Inc.",47,2020-01-03,2020-12-25
4462,"PharMerica, Inc.",47,1997-12-05,1999-03-19
2691,"Hemisphere Media Group, Inc. Class A",47,2014-10-31,2015-09-18
7097,Pennant Group Inc,47,2020-01-03,2020-12-25
4312,Pacific Continental Corporation,47,2017-01-13,2017-12-01
4249,"Optical Coating Laboratory, Inc.",47,1999-03-12,2000-02-04
5813,"Tut Systems, Inc.",47,1999-07-02,2000-11-10
6013,Vectrus Inc,47,2019-10-11,2020-12-25
2065,"Excite, Inc.",48,1998-07-03,1999-05-28
2999,Interstate Hotels Company,48,1997-07-04,1998-05-29
7110,"Aprea Therapeutics, Inc.",48,2020-01-03,2020-12-25
4817,Rental Service Corporation,48,1998-04-03,1999-07-30
3645,Medical Manager Corporation,48,1998-07-03,1999-07-23
6459,"City Office REIT, Inc.",48,2019-08-02,2020-12-25
5627,Theragenics Corporation,48,1997-08-29,1998-11-06
6786,Merchants Bancorp,48,2018-06-01,2019-04-26
5750,"Trendwest Resorts, Inc.",48,2001-07-06,2002-05-31
2411,"General Semiconductor, Inc.",48,1997-08-01,2001-08-24
6403,"Baxalta, Inc.",48,2015-07-03,2016-05-27
17,"AV Homes, Inc.",48,2006-05-05,2007-08-31
2959,"Integrated Systems, Inc.",48,1996-07-05,2000-02-11
3998,"Netopia, Inc.",48,1999-10-01,2000-08-25
6509,Materialise NV Sponsored ADR,49,2017-04-28,2018-03-30
5728,"TransEnterix, Inc.",49,2016-04-08,2019-03-29
5751,Trenwick Group,49,1998-04-10,2001-09-14
6562,"Armstrong Flooring, Inc.",49,2016-06-03,2018-09-21
2822,"Hyperion Therapeutics, Inc.",49,2013-09-27,2015-05-01
1923,"EMPHESYS Financial Group, Inc.",49,1994-07-01,1995-10-27
1019,Capstar Broadcasting Corporation,49,1998-07-03,1999-07-09
23,Aames Investment Corporation,49,1996-07-26,1997-09-12
2381,"Geeknet, Inc.",49,2000-01-07,2001-02-02
2337,FRP Holdings Inc,49,2018-02-16,2019-04-26
1739,Ditech Networks Inc.,49,2000-07-07,2004-12-31
6177,"Webvan Group, Inc.",49,1999-12-03,2000-11-10
3717,"Metro One Telecommunications, Inc.",49,2001-05-04,2002-04-19
952,C-Cube Microsystems Inc.,49,2000-05-05,2001-05-18
2738,HMT Technology Corporation,49,1997-07-04,1999-01-22
2640,"Hawkins, Inc.",49,2016-11-25,2020-12-25
5294,"Sportsmans Warehouse Holdings, Inc.",49,2015-09-25,2020-12-25
3752,"Mid Am, Inc.",49,1997-10-10,1998-09-25
3856,Mpower Holding Corporation,49,1999-07-16,2000-09-01
6478,Gener8 Maritime Inc,50,2015-09-25,2018-06-08
7062,"Castle Biosciences, Inc.",50,2019-12-06,2020-12-25
3195,Key3Media Group Inc.,50,2000-09-15,2001-08-31
4529,"PLX Technology, Inc.",50,1999-07-02,2000-11-03
7028,"iHeartMedia, Inc. Class A",50,2019-10-04,2020-12-25
7064,"Provention Bio, Inc.",50,2019-12-06,2020-12-25
4815,"Rent-Way, Inc.",50,1998-12-18,2000-10-27
4141,"Nuance Communications, Inc.",50,2000-05-05,2001-07-13
1699,"Dianon Systems, Inc.",50,2001-11-16,2003-01-31
848,"Bon-Ton Stores, Inc.",50,2006-03-03,2007-08-31
5614,"Tetraphase Pharmaceuticals, Inc.",50,2014-09-26,2015-09-04
5395,Stratos Lightwave,50,2000-08-04,2001-07-27
2443,GeoTel Communications Corporation,50,1998-07-03,1999-06-18
2521,Graham Packaging Co. Inc.,50,2010-09-24,2011-09-02
6551,Advanced Accelerator Applications SA Sponsored ADR,50,2017-03-03,2018-02-09
6090,"Vitalink Pharmacy Services, Inc.",50,1997-08-29,1998-08-28
1163,Channeladvisor Corporation,51,2013-09-27,2020-10-23
2819,Hyperdynamics Corporation,51,2010-12-24,2012-01-27
2283,Fort Wayne National Corporation,51,1997-02-28,1998-03-27
5539,TBS International PLC Cl A,51,2007-10-05,2008-09-19
4617,"Primus Guaranty, Ltd.",51,2005-12-30,2007-10-05
6993,Ellington Financial Inc.,51,2019-05-03,2020-12-25
7052,Global Blue Group Holding AG,51,2019-10-04,2020-09-25
2121,FCStone Group,51,2007-10-05,2008-09-26
4973,Samsonite Corp New Com,51,1997-07-04,1998-06-19
6438,"Adamas Pharmaceuticals, Inc.",51,2015-12-25,2018-09-28
2728,Hillhaven Corporation,51,1994-10-07,1995-09-22
2901,"Inet Technologies, Inc.",51,2000-07-07,2004-03-12
